transaction_id,date,region,product_category,amount,customer_income,customer_age
1,2024-04-12,North,Toys,43.29,89377.48,26.0
2,2024-06-28,South,Clothing,70.24,72571.15,61.0
3,2024-04-02,West,Clothing,48.81,53175.45,41.0
4,2024-01-15,East,Clothing,14.09,54414.4,36.0
5,2024-04-16,South,Electronics,390.42,,60.0
6,2024-03-12,East,Groceries,46.26,79509.68,42.0
7,2024-01-21,South,Groceries,74.1,75170.28,31.0
8,2024-04-12,East,Groceries,36.54,70299.03,43.0
9,2024-05-01,North,Electronics,45.01,71952.49,52.0
10,2024-03-15,North,Groceries,69.01,48382.13,26.0
11,2024-03-28,North,Groceries,55.92,36781.31,38.0
12,2024-04-26,south,Home Goods,47.43,68408.11,49.0
13,2024-04-09,West,Clothing,38.65,73328.37,32.0
14,2024-04-13,North,Clothing,55.28,84105.7,23.0
15,2024-05-31,North,Groceries,49.56,56986.65,47.0
16,2024-05-10,West,Groceries,38.48,54798.73,50.0
17,2024-05-29,North,Clothing,39.26,56411.1,43.0
18,2024-02-22,South,Clothing,37.78,70061.16,31.0
19,2024-01-02,West,Clothing,35.11,55768.66,38.0
20,2024-03-28,South,Home Goods,64.01,59216.41,36.0
21,2024-06-06,East,Clothing,61.99,72465.79,54.0
22,2024-02-07,West,Toys,64.04,50612.46,29.0
23,2024-05-09,South,Clothing,50.07,80867.31,63.0
24,2024-01-21,North,Toys,46.36,69496.34,39.0
25,2024-06-09,South,Home Goods,46.63,32135.69,55.0
26,2024-02-27,West,Clothing,65.32,52269.69,41.0
27,2024-01-22,West,Home Goods,22.7,29634.85,44.0
28,2024-03-29,West,Electronics,42.28,57049.81,34.0
29,2024-02-18,North,Toys,36.69,52525.33,35.0
30,2024-02-28,West,Groceries,70.4,72522.82,14.0
31,2024-06-18,West,Electronics,42.84,46784.72,41.0
32,2024-01-15,East,Groceries,25.46,65816.03,43.0
33,2024-06-23,West,Toys,53.35,68532.71,54.0
34,2024-02-20,West,Electronics,44.45,63857.92,33.0
35,2024-04-17,East,Groceries,41.65,77101.85,52.0
36,2024-02-24,East,Groceries,40.1,91024.33,37.0
37,2024-03-04,South,Home Goods,39.51,61679.13,39.0
38,2024-05-10,North,Clothing,60.63,66077.69,54.0
39,2024-02-20,East,Electronics,53.36,46795.85,24.0
40,2024-05-14,South,Electronics,47.03,44707.15,43.0
41,2024-01-21,West,Groceries,33.53,75507.44,51.0
42,2024-03-13,West,Clothing,47.47,73522.88,42.0
43,2024-06-15,West,Toys,53.91,44555.7,50.0
44,2024-01-18,North,Electronics,54.48,40376.69,16.0
45,2024-05-11,South,Groceries,52.41,50268.95,57.0
46,2024-03-29,North,Electronics,36.16,,51.0
47,2024-02-29,East,Electronics,13.95,53863.1,48.0
48,2024-01-14,West,Clothing,76.99,62407.72,40.0
49,2024-01-09,West,Clothing,30.36,73755.94,28.0
50,2024-03-30,East,Groceries,20.53,66931.57,36.0
51,2024-02-22,West,Toys,51.96,68041.81,43.0
52,2024-05-09,West,Groceries,24.37,23226.95,41.0
53,2024-03-24,South,Toys,505.08,,38.0
54,2024-04-01,West,Home Goods,58.23,48053.15,44.0
55,2024-04-20,South,Groceries,76.59,50529.1,46.0
56,2024-06-20,South,Home Goods,55.81,72597.42,48.0
57,2024-01-08,East,Groceries,43.41,46816.48,30.0
58,2024-06-23,south,Electronics,49.23,70003.91,58.0
59,2024-02-04,East,Groceries,22.87,48223.41,45.0
60,2024-03-21,East,Electronics,43.24,41986.74,42.0
61,2024-06-12,East,Groceries,43.25,42683.26,59.0
62,2024-02-19,South,Groceries,52.3,93874.0,23.0
63,2024-04-13,East,Electronics,79.13,47889.53,46.0
64,2024-05-11,East,Electronics,20.95,70364.81,35.0
65,2024-01-02,East,Toys,43.88,36627.02,37.0
66,2024-05-13,East,Groceries,22.5,,58.0
67,2024-02-23,North,Electronics,42.45,65235.62,53.0
68,2024-04-15,East,Groceries,37.03,64109.68,59.0
69,2024-01-04,North,Groceries,27.58,66207.41,46.0
70,2024-02-23,East,Clothing,63.7,67860.0,37.0
71,2024-05-25,West,Toys,53.83,72136.01,59.0
72,2024-02-13,East,Groceries,61.94,51013.54,27.0
73,2024-06-10,East,Clothing,42.03,50136.18,46.0
74,2024-01-14,West,Home Goods,48.94,60738.36,46.0
75,2024-04-04,West,Home Goods,73.92,70266.42,47.0
76,2024-02-17,West,Electronics,49.96,59000.17,39.0
77,2024-01-15,south,Electronics,62.12,71608.53,30.0
78,2024-02-09,North,Electronics,40.74,69267.55,26.0
79,2024-03-22,North,Groceries,60.74,56745.25,46.0
80,2024-04-20,East,Groceries,41.77,33792.3,48.0
81,2024-02-22,South,Groceries,21.55,52447.08,34.0
82,2024-01-24,East,Toys,49.89,86141.96,59.0
83,2024-06-02,South,Home Goods,42.95,65100.89,37.0
84,2024-05-03,East,Electronics,25.63,,33.0
85,2024-02-10,West,Clothing,52.87,63759.77,17.0
86,2024-06-05,West,Clothing,36.6,70149.66,47.0
87,2024-01-15,East,Clothing,96.39,50414.02,38.0
88,2024-02-14,West,Groceries,28.03,78530.76,26.0
89,2024-03-05,East,Home Goods,31.81,67435.47,33.0
90,2024-03-29,West,Clothing,63.04,43501.37,28.0
91,2024-03-11,North,Groceries,48.0,72845.49,16.0
92,2024-01-09,West,Home Goods,62.74,53855.8,43.0
93,2024-03-28,East,Clothing,55.71,57313.04,35.0
94,2024-05-08,South,Electronics,322.41,44760.47,51.0
95,2024-05-15,North,Clothing,29.31,69471.7,51.0
96,2024-03-03,East,Electronics,66.07,57767.02,36.0
97,2024-05-18,North,Toys,30.67,70106.35,57.0
98,2024-03-21,North,Electronics,58.38,51735.26,44.0
99,2024-05-15,East,Clothing,63.78,50018.95,74.0
100,2024-06-11,East,Clothing,48.1,48803.44,47.0
101,2024-06-11,East,Toys,45.44,65940.48,42.0
102,2024-02-02,West,Electronics,35.24,,14.0
103,2024-05-02,East,Electronics,N/A,56953.31,54.0
104,2024-01-05,East,Electronics,4.31,52223.6,28.0
105,2024-02-10,North,Electronics,60.74,66601.26,31.0
106,2024-01-28,West,Electronics,51.79,33970.46,18.0
107,2024-05-14,South,Groceries,46.66,63705.49,52.0
108,2024-03-12,West,Electronics,53.63,85970.15,39.0
109,2024-01-12,West,Electronics,29.4,78540.39,26.0
110,2024-06-10,East,Home Goods,13.81,50750.2,45.0
111,2024-02-02,North,Clothing,57.03,67419.03,43.0
112,2024-02-17,West,Clothing,69.75,64508.48,32.0
113,2024-05-30,West,Clothing,23.91,,57.0
114,2024-03-02,North,Toys,34.21,22348.28,34.0
115,2024-02-06,South,Electronics,559.46,,24.0
116,2024-04-08,West,Home Goods,55.38,55987.23,28.0
117,2024-06-20,North,Home Goods,94.45,48851.57,44.0
118,2024-04-13,West,Electronics,66.13,48422.97,46.0
119,2024-02-04,East,Toys,62.53,40501.41,55.0
120,2024-04-10,North,Electronics,38.54,50788.22,49.0
121,2024-06-23,West,Electronics,57.87,43803.99,49.0
122,2024-05-10,South,Home Goods,72.43,62703.26,49.0
123,2024-01-01,East,Groceries,47.53,68849.06,41.0
124,2024-01-05,North,Groceries,48.24,,25.0
125,2024-05-21,North,Electronics,52.12,82495.85,42.0
126,2024-04-12,south,Clothing,40.03,51773.68,28.0
127,2024-01-27,East,Home Goods,54.03,55367.06,23.0
128,2024-05-16,East,Clothing,53.66,52905.89,36.0
129,2024-01-15,West,Clothing,72.2,68979.28,34.0
130,2024-03-30,East,Electronics,47.16,70493.6,43.0
131,2024-02-11,North,Electronics,60.12,67430.5,46.0
132,2024-05-03,South,Home Goods,47.61,58138.37,52.0
133,2024-06-27,West,Clothing,59.6,39890.66,61.0
134,2024-03-03,West,Toys,46.25,55208.39,40.0
135,2024-04-05,East,Clothing,58.6,82172.1,37.0
136,2024-02-21,South,Groceries,60.92,75198.57,42.0
137,2024-04-05,South,Electronics,591.98,64410.76,31.0
138,2024-05-11,West,Clothing,66.54,,58.0
139,2024-05-30,West,Electronics,47.5,59795.72,58.0
140,2024-05-22,East,Clothing,42.95,54299.94,44.0
141,2024-06-19,West,Clothing,39.35,77895.78,52.0
142,2024-01-29,West,Toys,54.47,47415.5,36.0
143,2024-02-05,North,Groceries,49.93,,19.0
144,2024-01-13,East,Electronics,55.56,52061.96,27.0
145,2024-06-08,south,Electronics,55.85,79813.9,39.0
146,2024-03-11,South,Electronics,59.13,,36.0
147,2024-03-26,West,Groceries,91.64,48759.19,62.0
148,2024-01-28,East,Home Goods,50.6,55360.31,31.0
149,2024-03-06,East,Toys,38.98,70674.61,21.0
150,2024-06-18,SOUTH ,Electronics,19.7,52512.86,51.0
151,2024-02-14,South,Clothing,32.07,60332.05,46.0
152,2024-03-02,South,Clothing,68.53,52305.84,23.0
153,2024-05-13,South,Groceries,60.8,86386.76,61.0
154,2024-01-28,East,Groceries,29.75,88966.08,43.0
155,2024-01-28,South,Groceries,86.96,81946.86,37.0
156,2024-04-17,East,Groceries,54.9,58134.39,61.0
157,2024-02-13,North,Electronics,56.9,53958.71,29.0
158,2024-03-24,North,Home Goods,83.66,,40.0
159,2024-01-30,South,Electronics,76.09,83035.82,30.0
160,2024-03-15,East,Groceries,61.72,73960.86,9.0
161,2024-05-07,East,Clothing,62.44,74681.41,66.0
162,2024-04-01,East,Clothing,63.84,56251.08,18.0
163,2024-05-08,East,Toys,46.39,33631.54,58.0
164,2024-04-30,West,Home Goods,54.3,37080.64,54.0
165,2024-01-27,North,Home Goods,58.61,60864.51,10.0
166,2024-04-30,South,Clothing,48.1,52159.89,57.0
167,2024-04-25,West,Groceries,35.52,50434.48,55.0
168,2024-01-03,East,Clothing,46.01,65177.23,37.0
169,2024-04-12,South,Home Goods,35.18,75204.9,21.0
170,2024-06-03,West,Clothing,50.97,49481.59,44.0
171,2024-05-16,West,Toys,23.29,40415.85,38.0
172,2024-03-02,South,Toys,55.12,49837.93,45.0
173,2024-06-13,East,Groceries,25.53,44340.54,57.0
174,2024-02-20,East,Electronics,43.95,68892.49,39.0
175,2024-06-20,East,Electronics,57.56,59938.37,67.0
176,2024-05-31,South,Home Goods,61.87,88207.34,57.0
177,2024-02-28,South,Electronics,528.29,71020.28,43.0
178,2024-04-27,East,Home Goods,54.8,87207.84,35.0
179,2024-06-08,East,Clothing,33.21,38941.87,46.0
180,2024-04-05,West,Clothing,64.71,11207.12,44.0
181,2024-06-28,East,Toys,33.55,,48.0
182,2024-04-22,North,Groceries,66.42,61848.3,35.0
183,2024-03-02,East,Groceries,59.42,58158.22,53.0
184,2024-02-21,South,Groceries,70.38,61436.95,26.0
185,2024-01-12,East,Clothing,50.37,43139.61,33.0
186,2024-02-08,East,Home Goods,37.72,68447.68,34.0
187,2024-05-09,South,Electronics,429.28,71042.9,39.0
188,2024-05-10,East,Toys,32.28,42003.77,50.0
189,2024-04-22,North,Home Goods,25.45,54695.45,52.0
190,2024-04-10,North,Clothing,64.13,55622.04,26.0
191,2024-04-22,South,Groceries,66.01,49937.84,42.0
192,2024-03-21,South,Groceries,58.31,42583.31,51.0
193,2024-04-22,West,Clothing,49.5,60187.57,39.0
194,2024-01-02,East,Toys,80.91,63912.08,52.0
195,2024-05-09,SOUTH ,Electronics,503.86,50847.27,60.0
196,2024-02-23,East,Electronics,53.31,43638.17,41.0
197,2024-03-27,North,Clothing,49.28,66158.36,33.0
198,2024-05-08,West,Clothing,44.93,48490.19,47.0
199,2024-05-26,East,Groceries,59.46,55361.92,48.0
200,2024-05-05,West,Home Goods,40.5,,46.0
201,2024-05-09,North,Groceries,39.49,78685.63,44.0
202,2024-02-22,East,Groceries,60.22,49178.54,29.0
203,2024-06-20,East,Electronics,42.54,85882.9,60.0
204,2024-06-08,West,Clothing,52.0,71284.53,43.0
205,2024-06-08,North,Electronics,44.88,87313.48,51.0
206,2024-03-08,South,Electronics,459.07,69969.58,31.0
207,2024-05-02,West,Groceries,39.9,56684.33,50.0
208,2024-05-24,East,Electronics,40.39,46239.51,34.0
209,2024-02-07,South,Electronics,433.95,54668.83,38.0
210,2024-01-24,North,Electronics,62.65,82309.22,28.0
211,2024-03-09,West,Toys,52.58,59280.92,46.0
212,2024-04-25,North,Toys,63.78,69913.79,52.0
213,2024-04-07,West,Groceries,65.38,63104.57,28.0
214,2024-05-18,south,Toys,43.1,63744.92,38.0
215,2024-05-23,South,Home Goods,63.22,64322.4,55.0
216,2024-04-06,East,Groceries,49.79,67430.12,41.0
217,2024-05-03,North,Electronics,47.62,47788.39,41.0
218,2024-03-10,South,Home Goods,68.79,55876.44,34.0
219,2024-04-02,West,Groceries,58.31,64639.7,28.0
220,2024-01-03,West,Groceries,44.71,62452.31,32.0
221,2024-05-27,East,Home Goods,57.33,53081.93,54.0
222,2024-06-12,East,Clothing,31.01,66249.01,47.0
223,2024-05-26,North,Groceries,53.71,48432.88,45.0
224,2024-03-30,North,Toys,27.51,41654.91,52.0
225,2024-05-26,North,Clothing,35.23,64424.79,52.0
226,2024-05-27,South,Groceries,58.77,42022.62,38.0
227,2024-04-05,South,Clothing,9.95,64201.86,36.0
228,2024-02-21,South,Groceries,77.04,30679.79,32.0
229,2024-06-09,South,Home Goods,62.52,49125.18,49.0
230,2024-06-16,South,Electronics,22.42,55086.35,56.0
231,2024-05-07,SOUTH ,Groceries,85.98,,58.0
232,2024-02-08,West,Electronics,90.11,,47.0
233,2024-03-22,South,Groceries,47.29,,30.0
234,2024-04-13,West,Clothing,36.1,40945.37,39.0
235,2024-05-08,West,Home Goods,75.29,54819.4,46.0
236,2024-01-11,North,Electronics,44.84,85539.67,33.0
237,2024-06-26,West,Groceries,52.42,,47.0
238,2024-05-30,East,Electronics,68.26,80958.35,38.0
239,2024-06-07,East,Home Goods,47.7,55814.92,44.0
240,2024-02-11,South,Toys,592.53,,36.0
241,2024-04-08,East,Toys,30.91,79372.23,31.0
242,2024-01-07,South,Home Goods,40.54,,39.0
243,2024-05-23,East,Home Goods,46.09,69465.39,38.0
244,2024-03-30,East,Electronics,31.42,73268.96,36.0
245,2024-04-21,East,Clothing,32.78,50237.79,54.0
246,2024-02-29,East,Clothing,50.5,48578.55,47.0
247,2024-04-22,West,Home Goods,22.25,56570.95,57.0
248,2024-01-02,North,Toys,36.81,57040.27,45.0
249,2024-05-08,South,Electronics,511.97,43815.78,46.0
250,2024-02-17,West,Toys,44.82,50375.99,17.0
251,2024-05-19,South,Groceries,42.94,7996.44,42.0
252,2024-02-06,North,Groceries,44.75,54985.91,43.0
253,2024-06-08,North,Electronics,44.99,73415.91,52.0
254,2024-01-09,South,Electronics,409.4,34999.66,22.0
255,2024-04-08,West,Groceries,57.57,53052.83,51.0
256,2024-05-26,East,Groceries,44.14,96634.99,43.0
257,2024-02-17,West,Electronics,46.79,59661.6,44.0
258,2024-05-10,East,Groceries,69.69,80351.92,55.0
259,2024-05-27,East,Home Goods,27.35,44821.27,65.0
260,2024-05-31,South,Home Goods,49.14,66732.28,43.0
261,2024-02-23,East,Toys,52.03,42266.73,32.0
262,2024-04-29,North,Clothing,38.35,66015.97,44.0
263,2024-06-09,West,Clothing,48.27,72633.72,38.0
264,2024-05-31,West,Groceries,36.32,,51.0
265,2024-04-25,South,Clothing,59.56,54825.94,51.0
266,2024-03-15,West,Electronics,29.93,64124.0,21.0
267,2024-04-22,West,Electronics,65.94,64267.38,48.0
268,2024-06-12,East,Clothing,48.9,69989.84,50.0
269,2024-06-14,North,Electronics,43.28,,42.0
270,2024-04-13,East,Clothing,34.93,73967.08,33.0
271,2024-03-24,East,Electronics,65.46,81519.08,35.0
272,2024-04-21,South,Electronics,552.37,55231.99,37.0
273,2024-04-08,North,Groceries,32.49,60696.6,15.0
274,2024-06-01,West,Groceries,65.77,46427.78,44.0
275,2024-04-02,North,Groceries,36.44,65103.86,45.0
276,2024-05-25,East,Electronics,48.58,,35.0
277,2024-05-07,West,Electronics,62.28,60869.8,43.0
278,2024-04-19,West,Groceries,52.37,62000.99,52.0
279,2024-03-22,South,Groceries,75.96,,45.0
280,2024-02-23,West,Clothing,37.48,16699.16,49.0
281,2024-06-11,North,Clothing,46.84,,50.0
282,2024-06-17,North,Toys,48.0,54844.14,36.0
283,2024-06-09,East,Clothing,59.32,81853.69,58.0
284,2024-03-08,South,Clothing,69.33,67129.33,41.0
285,2024-02-02,South,Groceries,51.1,67495.29,30.0
286,2024-05-21,East,Clothing,47.94,78897.84,48.0
287,2024-01-21,North,Clothing,27.76,57300.65,30.0
288,2024-02-17,South,Clothing,51.69,69784.9,26.0
289,2024-05-27,East,Home Goods,40.25,52038.51,40.0
290,2024-05-07,West,Electronics,59.28,44200.41,47.0
291,2024-05-15,East,Electronics,43.85,86912.5,45.0
292,2024-05-14,South,Clothing,46.39,65535.48,43.0
293,2024-05-24,East,Home Goods,28.1,69669.94,57.0
294,2024-05-07,North,Electronics,22.83,43797.38,41.0
295,2024-02-02,North,Toys,77.91,,36.0
296,2024-06-24,West,Clothing,51.95,86673.49,51.0
297,2024-04-24,South,Toys,56.07,55838.25,39.0
298,2024-04-28,North,Toys,36.32,41163.01,50.0
299,2024-01-22,East,Clothing,63.13,62759.64,44.0
300,2024-06-06,East,Electronics,60.43,44461.55,52.0
301,2024-02-07,East,Electronics,37.96,36633.02,32.0
302,2024-04-18,South,Electronics,34.11,48978.51,52.0
303,2024-02-20,South,Groceries,39.01,52611.03,36.0
304,2024-01-08,South,Electronics,49.58,45191.25,57.0
305,2024-01-27,North,Clothing,52.51,79897.0,24.0
306,2024-01-27,East,Clothing,50.58,,30.0
307,2024-01-21,West,Toys,69.48,69271.32,36.0
308,2024-01-30,West,Electronics,39.28,65762.93,40.0
309,2024-04-06,West,Electronics,33.7,57869.28,15.0
310,2024-01-28,East,Electronics,50.0,46555.01,48.0
311,2024-04-20,East,Toys,24.6,84043.65,51.0
312,2024-03-01,South,Groceries,60.44,59057.2,31.0
313,2024-02-17,East,Electronics,51.47,53061.22,62.0
314,2024-05-26,East,Electronics,44.93,75221.35,48.0
315,2024-01-04,North,Electronics,44.1,58896.24,47.0
316,2024-02-04,South,Electronics,63.65,74659.41,47.0
317,2024-02-18,West,Toys,63.17,53853.77,47.0
318,2024-01-17,South,Home Goods,46.3,75264.55,35.0
319,2024-06-20,North,Clothing,58.88,74696.51,41.0
320,2024-06-06,East,Home Goods,62.95,79872.43,42.0
321,2024-02-15,West,Electronics,55.03,49358.63,29.0
322,2024-04-26,East,Groceries,46.92,58754.41,52.0
323,2024-01-06,East,Home Goods,55.72,89216.55,36.0
324,2024-04-08,North,Clothing,34.41,,51.0
325,2024-05-03,East,Home Goods,51.07,72165.39,40.0
326,2024-02-06,South,Electronics,46.5,94358.48,48.0
327,2024-01-24,West,Electronics,44.15,32264.38,25.0
328,2024-04-02,East,Electronics,24.1,55806.67,34.0
329,2024-02-15,North,Clothing,34.59,60028.05,28.0
330,2024-04-04,North,Groceries,42.71,33016.82,54.0
331,2024-04-08,North,Toys,63.43,53160.43,30.0
332,2024-04-25,South,Groceries,54.29,45429.28,38.0
333,2024-06-08,South,Home Goods,64.1,72865.28,61.0
334,2024-06-09,East,Home Goods,68.64,34010.29,48.0
335,2024-03-07,East,Electronics,54.94,88339.84,34.0
336,2024-05-07,South,Clothing,52.1,70348.46,55.0
337,2024-01-18,North,Electronics,35.41,44192.68,26.0
338,2024-01-25,North,Groceries,79.8,75396.29,43.0
339,2024-02-23,West,Toys,28.73,68954.7,32.0
340,2024-02-27,South,Electronics,51.78,59418.49,47.0
341,2024-03-07,East,Groceries,62.49,49178.15,52.0
342,2024-04-13,West,Groceries,62.7,68214.95,15.0
343,2024-06-22,East,Groceries,32.67,61843.81,57.0
344,2024-01-24,West,Clothing,43.7,49661.39,31.0
345,2024-04-23,South,Clothing,38.02,39851.17,50.0
346,2024-02-01,West,Electronics,20.29,47241.16,40.0
347,2024-06-23,North,Electronics,51.95,52450.53,47.0
348,2024-03-26,North,Electronics,39.24,77437.31,42.0
349,2024-05-30,East,Groceries,72.58,72911.38,47.0
350,2024-05-06,West,Electronics,59.23,53248.99,63.0
351,2024-06-03,West,Home Goods,50.62,53832.09,46.0
352,2024-05-09,North,Clothing,42.91,74870.28,51.0
353,2024-01-17,South,Groceries,51.73,64010.2,34.0
354,2024-04-13,West,Clothing,46.16,63801.22,47.0
355,2024-06-09,South,Groceries,51.04,49449.37,55.0
356,2024-05-16,West,Toys,78.52,58148.72,52.0
357,2024-02-12,West,Electronics,34.03,,24.0
358,2024-06-24,East,Electronics,47.47,58632.12,59.0
359,2024-02-08,South,Home Goods,60.6,71011.02,40.0
360,2024-06-18,East,Electronics,44.0,71480.31,47.0
361,2024-01-26,South,Electronics,73.71,46215.63,35.0
362,2024-04-08,West,Clothing,60.18,52496.78,50.0
363,2024-02-19,East,Electronics,39.22,49689.4,27.0
364,2024-06-01,West,Groceries,53.06,80827.89,55.0
365,2024-05-31,North,Electronics,39.43,93802.36,36.0
366,2024-01-13,West,Home Goods,38.05,53045.68,37.0
367,2024-02-29,East,Home Goods,47.9,57493.57,32.0
368,2024-05-14,North,Groceries,68.96,72634.72,61.0
369,2024-02-26,North,Groceries,61.18,49391.83,48.0
370,2024-02-05,West,Home Goods,49.66,72973.62,32.0
371,2024-06-21,East,Electronics,61.72,,59.0
372,2024-01-20,West,Home Goods,54.03,33843.9,26.0
373,2024-03-05,North,Home Goods,32.45,,42.0
374,2024-01-08,North,Groceries,47.82,54932.19,58.0
375,2024-05-23,East,Groceries,48.9,78344.23,48.0
376,2024-05-21,South,Electronics,438.08,46611.98,54.0
377,2024-04-24,East,Clothing,41.5,51988.49,57.0
378,2024-05-22,West,Home Goods,36.31,63166.86,42.0
379,2024-04-01,West,Electronics,49.32,34968.53,26.0
380,2024-04-07,West,Home Goods,40.32,64478.3,33.0
381,2024-03-06,West,Electronics,45.15,36843.9,27.0
382,2024-02-01,South,Electronics,473.87,68507.76,27.0
383,2024-03-26,East,Electronics,44.25,47868.33,18.0
384,2024-02-20,East,Electronics,64.45,45869.26,53.0
385,2024-06-01,West,Clothing,71.21,64091.95,49.0
386,2024-03-03,North,Electronics,62.94,,38.0
387,2024-05-04,East,Toys,23.43,65643.9,40.0
388,2024-05-29,North,Groceries,40.37,63114.65,59.0
389,2024-02-27,East,Electronics,47.32,63327.03,27.0
390,2024-02-27,West,Groceries,22.31,65734.83,24.0
391,2024-03-26,West,Home Goods,36.86,66720.54,42.0
392,2024-02-18,South,Groceries,47.13,54085.78,32.0
393,2024-06-28,West,Electronics,43.27,69817.54,57.0
394,2024-06-18,East,Home Goods,50.13,48027.15,48.0
395,2024-03-10,North,Home Goods,29.29,76370.9,32.0
396,2024-01-15,SOUTH ,Electronics,491.26,71736.65,23.0
397,2024-02-23,South,Electronics,52.28,92713.52,40.0
398,2024-04-10,North,Groceries,50.15,67707.73,45.0
399,2024-01-08,West,Electronics,56.7,73636.5,50.0
400,2024-02-22,East,Home Goods,55.83,36591.93,29.0
401,2024-02-29,West,Clothing,43.89,74125.45,24.0
402,2024-04-17,South,Toys,459.88,,47.0
403,2024-01-05,North,Groceries,38.0,82570.82,28.0
404,2024-04-12,East,Electronics,45.95,61807.0,39.0
405,2024-01-06,North,Electronics,34.17,54871.6,21.0
406,2024-04-18,East,Groceries,65.98,43657.28,49.0
407,2024-04-25,West,Home Goods,45.9,45029.46,43.0
408,2024-04-03,East,Home Goods,65.96,59615.9,42.0
409,2024-02-16,East,Electronics,54.67,33728.43,25.0
410,2024-04-08,North,Electronics,36.72,48476.72,43.0
411,2024-02-24,North,Electronics,53.77,61342.83,39.0
412,2024-06-16,North,Groceries,62.15,61008.05,49.0
413,2024-02-21,East,Electronics,48.84,45459.09,27.0
414,2024-05-23,North,Clothing,51.11,41492.05,42.0
415,2024-01-13,south,Groceries,41.73,43732.31,41.0
416,2024-04-23,East,Toys,50.36,56687.22,57.0
417,2024-05-03,South,Clothing,53.57,91946.96,59.0
418,2024-04-15,North,Electronics,41.32,75905.09,58.0
419,2024-06-06,South,Groceries,33.81,63212.92,40.0
420,2024-05-26,SOUTH ,Groceries,69.32,68308.36,48.0
421,2024-05-24,East,Clothing,59.06,75237.97,55.0
422,2024-04-29,East,Toys,41.79,70134.28,56.0
423,2024-03-03,North,Home Goods,53.29,55376.85,39.0
424,2024-01-19,West,Electronics,27.82,47316.18,23.0
425,2024-04-01,East,Electronics,20.34,58120.89,40.0
426,2024-02-27,south,Clothing,66.26,75063.63,42.0
427,2024-03-30,West,Home Goods,53.44,,36.0
428,2024-04-26,South,Electronics,536.3,43429.87,35.0
429,2024-03-02,East,Groceries,53.49,34148.28,37.0
430,2024-01-23,East,Groceries,98.39,58184.54,44.0
431,2024-05-06,South,Electronics,417.27,44615.37,56.0
432,2024-05-16,south,Groceries,34.32,53452.26,40.0
433,2024-05-19,West,Toys,24.79,81843.49,49.0
434,2024-05-08,East,Electronics,65.82,59192.25,60.0
435,2024-02-27,North,Clothing,62.84,48743.09,24.0
436,2024-05-01,North,Clothing,58.63,64631.27,59.0
437,2024-01-01,South,Home Goods,37.81,88814.32,39.0
438,2024-02-03,West,Toys,55.45,58189.56,43.0
439,2024-04-05,South,Clothing,39.15,24667.11,40.0
440,2024-05-05,East,Home Goods,59.94,69751.15,61.0
441,2024-04-27,West,Clothing,64.74,65196.45,41.0
442,2024-02-17,North,Clothing,41.85,61351.84,12.0
443,2024-03-29,East,Electronics,66.98,56712.34,36.0
444,2024-04-26,North,Electronics,51.72,47890.92,43.0
445,2024-05-08,West,Electronics,57.38,82724.61,45.0
446,2024-01-16,East,Groceries,30.36,,34.0
447,2024-03-09,North,Electronics,53.48,55365.58,36.0
448,2024-01-22,South,Toys,533.11,55014.9,31.0
449,2024-04-02,East,Electronics,57.12,,37.0
450,2024-03-16,West,Electronics,72.01,78534.91,31.0
451,2024-06-02,West,Clothing,54.34,56598.99,49.0
452,2024-05-23,East,Groceries,36.49,62894.49,52.0
453,2024-06-27,North,Electronics,59.4,,60.0
454,2024-03-26,North,Clothing,56.03,75799.89,54.0
455,2024-01-29,North,Toys,80.88,75490.96,27.0
456,2024-03-09,East,Electronics,53.81,51923.8,33.0
457,2024-02-16,West,Clothing,41.22,,32.0
458,2024-04-03,East,Home Goods,61.56,65748.78,31.0
459,2024-05-23,North,Electronics,48.08,,43.0
460,2024-06-24,East,Clothing,51.2,,45.0
461,2024-03-25,West,Clothing,36.07,60302.82,32.0
462,2024-02-08,West,Clothing,48.16,62368.36,40.0
463,2024-04-09,West,Electronics,50.46,39659.91,16.0
464,2024-02-02,South,Electronics,516.31,46230.58,31.0
465,2024-04-10,North,Clothing,41.14,72266.33,51.0
466,2024-01-23,West,Electronics,54.32,41841.18,34.0
467,2024-01-10,East,Home Goods,36.15,67051.64,40.0
468,2024-03-09,South,Clothing,32.62,58778.61,29.0
469,2024-04-09,West,Clothing,60.64,,38.0
470,2024-02-03,West,Home Goods,59.27,69732.01,51.0
471,2024-06-28,East,Groceries,30.39,,61.0
472,2024-05-17,East,Electronics,22.56,56651.27,41.0
473,2024-05-26,South,Toys,472.69,,56.0
474,2024-04-05,East,Electronics,48.08,58044.03,30.0
475,2024-01-01,East,Electronics,67.32,40947.77,27.0
476,2024-03-09,West,Home Goods,47.71,56719.4,32.0
477,2024-01-04,West,Clothing,38.46,50431.23,27.0
478,2024-01-16,West,Clothing,52.23,46850.56,26.0
479,2024-01-24,North,Electronics,48.29,77815.87,23.0
480,2024-03-20,West,Clothing,29.28,40856.84,41.0
481,2024-01-02,West,Electronics,29.37,45554.02,33.0
482,2024-05-07,East,Toys,29.78,,49.0
483,2024-06-08,West,Electronics,87.2,52783.23,53.0
484,2024-03-24,West,Home Goods,62.9,46848.32,20.0
485,2024-05-31,East,Groceries,41.09,,44.0
486,2024-05-19,East,Home Goods,66.62,64532.31,56.0
487,2024-06-26,North,Groceries,41.48,70047.88,45.0
488,2024-06-11,south,Groceries,66.13,69319.62,39.0
489,2024-05-03,East,Clothing,51.2,,54.0
490,2024-02-02,West,Electronics,40.12,65702.94,38.0
491,2024-06-09,South,Electronics,60.2,66628.48,30.0
492,2024-06-27,North,Home Goods,52.06,50064.01,45.0
493,2024-06-19,East,Home Goods,55.97,,52.0
494,2024-04-10,North,Clothing,53.23,76314.99,36.0
495,2024-01-12,North,Electronics,53.08,,22.0
496,2024-03-07,North,Clothing,62.01,51060.48,10.0
497,2024-03-05,North,Groceries,88.76,84771.67,31.0
498,2024-06-09,North,Clothing,68.73,59714.79,56.0
499,2024-06-16,South,Home Goods,53.29,61275.56,60.0
500,2024-03-14,East,Toys,45.34,61086.85,46.0
501,2024-02-12,West,Electronics,46.99,94546.57,44.0
502,2024-02-13,East,Clothing,31.16,56752.27,44.0
503,2024-01-29,West,Clothing,59.97,,20.0
504,2024-05-20,North,Clothing,34.78,,64.0
505,2024-01-12,South,Electronics,484.86,54157.51,41.0
506,2024-04-04,West,Electronics,60.06,44529.12,35.0
507,2024-02-15,North,Home Goods,46.44,47839.0,33.0
508,2024-05-09,East,Clothing,42.62,32850.73,62.0
509,2024-02-04,East,Clothing,32.04,73222.87,37.0
510,2024-03-21,East,Toys,68.08,62351.2,34.0
511,2024-03-30,North,Home Goods,37.5,63586.64,27.0
512,2024-01-08,South,Electronics,611.25,59213.43,18.0
513,2024-04-02,East,Groceries,23.12,61076.49,33.0
514,2024-06-02,North,Clothing,49.7,84287.09,52.0
515,2024-03-30,East,Home Goods,45.0,48468.41,35.0
516,2024-06-10,West,Groceries,52.73,,59.0
517,2024-04-24,West,Groceries,32.38,64094.87,51.0
518,2024-04-14,South,Clothing,61.01,77129.84,34.0
519,2024-05-14,West,Home Goods,22.41,66579.82,55.0
520,2024-02-27,East,Electronics,48.62,67333.78,41.0
521,2024-04-23,South,Electronics,551.42,41125.96,45.0
522,2024-03-15,North,Clothing,50.87,47866.46,31.0
523,2024-06-05,West,Electronics,52.37,42496.67,54.0
524,2024-04-29,South,Electronics,61.83,22861.92,46.0
525,2024-06-12,South,Home Goods,69.87,,49.0
526,2024-01-21,North,Toys,47.67,56075.57,39.0
527,2024-06-12,West,Clothing,35.48,65986.08,54.0
528,2024-05-17,West,Electronics,58.41,60532.34,67.0
529,2024-04-10,West,Electronics,45.8,63606.54,38.0
530,2024-05-31,South,Electronics,427.98,,53.0
531,2024-06-25,North,Electronics,40.97,60109.43,50.0
532,2024-04-08,East,Toys,37.13,70034.84,38.0
533,2024-02-05,East,Electronics,52.16,55466.34,9.0
534,2024-04-05,North,Clothing,23.89,72371.82,37.0
535,2024-05-31,East,Electronics,42.99,41405.44,43.0
536,2024-05-30,West,Home Goods,45.05,32436.66,57.0
537,2024-02-06,West,Groceries,53.31,91599.91,25.0
538,2024-01-12,West,Toys,35.06,87544.56,14.0
539,2024-04-22,West,Home Goods,36.81,,47.0
540,2024-01-13,South,Clothing,67.35,59458.3,23.0
541,2024-01-23,East,Electronics,49.8,,47.0
542,2024-04-08,West,Groceries,62.97,70844.57,29.0
543,2024-04-14,North,Clothing,41.87,86088.13,25.0
544,2024-01-30,West,Groceries,49.18,44078.85,38.0
545,2024-01-17,East,Electronics,53.22,44884.77,41.0
546,2024-04-22,East,Electronics,76.21,59982.43,53.0
547,2024-03-02,East,Clothing,46.74,45546.33,40.0
548,2024-03-24,West,Groceries,47.51,,28.0
549,2024-04-21,West,Home Goods,66.47,56591.4,56.0
550,2024-03-26,North,Electronics,44.3,72863.16,31.0
551,2024-05-20,West,Clothing,54.27,59692.99,60.0
552,2024-01-19,South,Electronics,65.16,69360.68,39.0
553,2024-06-25,South,Electronics,615.51,67215.09,57.0
554,2024-04-09,East,Clothing,55.11,44595.22,37.0
555,2024-05-19,East,Electronics,76.18,61020.32,40.0
556,2024-05-26,East,Electronics,63.82,37122.59,36.0
557,2024-03-16,West,Clothing,54.27,52321.34,45.0
558,2024-01-09,West,Electronics,46.64,,17.0
559,2024-01-28,East,Electronics,40.94,59982.71,23.0
560,2024-05-07,North,Electronics,35.18,40635.98,56.0
561,2024-02-21,West,Electronics,72.64,,22.0
562,2024-03-23,West,Electronics,69.73,64364.39,40.0
563,2024-04-20,West,Groceries,40.14,72410.9,51.0
564,2024-05-23,North,Electronics,55.07,56895.49,53.0
565,2024-04-26,North,Electronics,51.67,56144.6,64.0
566,2024-03-09,South,Clothing,67.77,73969.14,48.0
567,2024-04-08,North,Groceries,55.74,48419.01,25.0
568,2024-05-19,South,Home Goods,49.66,85905.44,45.0
569,2024-01-25,West,Home Goods,41.87,39820.91,30.0
570,2024-06-28,East,Groceries,55.11,75727.44,60.0
571,2024-05-02,North,Clothing,44.78,68087.52,45.0
572,2024-02-22,South,Groceries,53.31,96151.81,23.0
573,2024-05-30,North,Groceries,48.86,43182.46,63.0
574,2024-05-23,North,Electronics,44.41,24989.66,56.0
575,2024-02-26,South,Electronics,667.29,78741.7,24.0
576,2024-02-08,South,Electronics,566.9,37930.0,27.0
577,2024-04-18,West,Toys,50.64,69236.65,38.0
578,2024-02-11,West,Clothing,76.81,77732.27,36.0
579,2024-06-15,South,Groceries,34.51,65696.41,47.0
580,2024-05-21,East,Clothing,59.38,63482.71,65.0
581,2024-05-01,West,Clothing,48.76,66014.1,64.0
582,2024-05-12,South,Electronics,481.44,,55.0
583,2024-06-11,North,Electronics,58.23,,53.0
584,2024-03-15,West,Home Goods,54.87,41751.24,29.0
585,2024-05-25,North,Groceries,48.8,87375.0,52.0
586,2024-03-16,East,Clothing,39.45,60766.62,22.0
587,2024-01-09,East,Home Goods,54.67,,43.0
588,2024-03-14,South,Electronics,360.75,70664.84,42.0
589,2024-05-24,South,Toys,29.96,77338.92,53.0
590,2024-01-07,West,Clothing,65.19,75781.6,16.0
591,2024-06-22,North,Clothing,23.57,61976.05,49.0
592,2024-05-20,South,Clothing,45.21,61012.0,60.0
593,2024-06-16,West,Electronics,34.26,66129.16,55.0
594,2024-06-18,East,Electronics,43.96,76500.92,42.0
595,2024-05-16,North,Groceries,52.77,43310.67,55.0
596,2024-06-26,West,Home Goods,64.77,69661.43,51.0
597,2024-01-27,South,Home Goods,68.26,46705.16,43.0
598,2024-05-01,West,Electronics,36.22,87768.2,48.0
599,2024-01-05,West,Clothing,43.01,,32.0
600,2024-01-29,East,Electronics,110.79,53759.59,34.0
601,2024-06-13,East,Electronics,46.25,,65.0
602,2024-06-14,West,Groceries,36.77,60138.02,51.0
603,2024-03-23,North,Clothing,39.26,57597.2,33.0
604,2024-05-15,West,Electronics,46.34,32861.62,34.0
605,2024-04-18,North,Electronics,44.11,44637.1,48.0
606,2024-03-05,South,Toys,46.48,57893.2,33.0
607,2024-03-26,South,Electronics,330.0,,54.0
608,2024-05-24,West,Clothing,49.57,51192.36,58.0
609,2024-03-11,West,Clothing,35.67,52501.88,26.0
610,2024-02-14,North,Electronics,55.54,48308.36,25.0
611,2024-05-11,North,Electronics,51.82,,43.0
612,2024-02-05,West,Clothing,57.45,46797.46,51.0
613,2024-03-10,East,Home Goods,24.28,61326.13,45.0
614,2024-06-07,North,Clothing,52.35,54702.54,58.0
615,2024-01-19,East,Groceries,20.22,58218.04,37.0
616,2024-04-17,East,Toys,47.37,,42.0
617,2024-06-15,West,Home Goods,59.87,62695.3,61.0
618,2024-03-31,South,Clothing,65.69,65595.49,30.0
619,2024-03-30,East,Clothing,55.02,48518.74,57.0
620,2024-01-19,East,Groceries,60.13,,16.0
621,2024-02-08,West,Groceries,45.51,68759.55,61.0
622,2024-05-05,East,Clothing,42.36,67314.13,45.0
623,2024-06-21,East,Groceries,90.39,41862.35,47.0
624,2024-05-20,South,Electronics,62.41,51221.29,47.0
625,2024-05-05,West,Clothing,32.41,81503.7,55.0
626,2024-02-27,East,Electronics,23.98,49683.83,24.0
627,2024-05-27,North,Electronics,43.02,83549.82,65.0
628,2024-03-01,East,Electronics,67.88,,38.0
629,2024-05-06,South,Groceries,50.73,62223.24,50.0
630,2024-04-14,North,Clothing,16.64,57192.46,18.0
631,2024-06-15,West,Electronics,47.34,47327.92,50.0
632,2024-01-01,East,Clothing,49.96,47543.87,44.0
633,2024-05-10,West,Clothing,13.76,49436.35,45.0
634,2024-04-01,South,Electronics,346.54,62220.96,31.0
635,2024-04-22,West,Groceries,34.8,73356.26,37.0
636,2024-06-01,North,Home Goods,22.47,61247.35,46.0
637,2024-02-25,South,Home Goods,74.07,59499.33,37.0
638,2024-06-09,West,Groceries,34.14,78155.67,40.0
639,2024-06-14,West,Clothing,39.99,60620.07,35.0
640,2024-04-26,East,Electronics,39.79,51857.05,49.0
641,2024-05-13,South,Electronics,343.75,45033.88,46.0
642,2024-02-27,West,Electronics,76.49,79056.71,39.0
643,2024-02-13,East,Toys,32.06,,46.0
644,2024-06-21,West,Electronics,45.4,,61.0
645,2024-06-08,West,Electronics,51.81,50024.35,43.0
646,2024-06-21,North,Home Goods,36.97,78212.86,55.0
647,2024-03-01,North,Toys,45.16,51405.39,43.0
648,2024-02-16,East,Home Goods,58.92,74856.94,43.0
649,2024-05-28,North,Electronics,38.66,56543.88,55.0
650,2024-03-20,South,Electronics,536.66,41874.3,43.0
651,2024-04-27,West,Clothing,43.53,55012.62,61.0
652,2024-06-12,East,Electronics,48.44,59508.1,49.0
653,2024-05-26,West,Electronics,53.65,,61.0
654,2024-01-20,East,Clothing,58.8,57900.24,27.0
655,2024-05-25,East,Toys,79.06,55170.83,54.0
656,2024-02-16,North,Clothing,10.12,48224.85,43.0
657,2024-02-18,South,Groceries,47.49,60161.06,30.0
658,2024-01-14,South,Groceries,29.53,68114.23,36.0
659,2024-05-22,South,Electronics,524.98,38061.06,59.0
660,2024-06-07,West,Groceries,63.21,79485.93,69.0
661,2024-01-01,South,Electronics,67.97,4550.67,34.0
662,2024-04-26,East,Electronics,68.67,61128.73,49.0
663,2024-02-23,South,Groceries,68.53,,40.0
664,2024-04-27,North,Electronics,47.39,50949.71,51.0
665,2024-01-03,East,Toys,70.98,28112.48,27.0
666,2024-05-23,south,Electronics,73.95,58549.14,47.0
667,2024-01-12,North,Groceries,52.08,62545.44,30.0
668,2024-03-14,North,Clothing,67.66,42769.22,44.0
669,2024-01-16,South,Electronics,378.86,47548.0,17.0
670,2024-04-11,West,Electronics,71.15,74440.68,25.0
671,2024-05-31,south,Groceries,47.58,61765.23,62.0
672,2024-06-04,South,Home Goods,40.86,37369.85,71.0
673,2024-04-26,East,Home Goods,33.2,66747.45,56.0
674,2024-01-08,North,Clothing,47.4,46042.22,25.0
675,2024-05-01,West,Home Goods,51.27,48378.56,37.0
676,2024-04-01,East,Groceries,35.81,,34.0
677,2024-06-12,East,Groceries,46.25,61567.35,43.0
678,2024-03-30,East,Clothing,42.1,,45.0
679,2024-05-15,south,Groceries,33.85,52436.86,59.0
680,2024-02-29,East,Home Goods,65.54,56238.01,42.0
681,2024-06-26,South,Clothing,68.18,48291.1,41.0
682,2024-01-28,West,Home Goods,65.47,,39.0
683,2024-04-10,North,Groceries,48.74,36462.09,47.0
684,2024-02-10,East,Electronics,49.66,56386.82,41.0
685,2024-06-03,East,Electronics,34.05,38108.92,45.0
686,2024-05-24,North,Clothing,56.22,74040.03,45.0
687,2024-06-09,South,Clothing,52.54,56365.34,49.0
688,2024-06-05,West,Home Goods,92.66,44149.97,52.0
689,2024-05-20,West,Electronics,66.31,70275.71,35.0
690,2024-02-15,South,Home Goods,54.73,25621.04,24.0
691,2024-02-04,West,Home Goods,49.38,64213.26,33.0
692,2024-05-13,West,Electronics,65.02,77269.34,38.0
693,2024-03-22,West,Home Goods,36.26,62693.15,3.0
694,2024-04-24,North,Toys,67.09,52402.34,38.0
695,2024-02-16,West,Groceries,33.69,41367.27,38.0
696,2024-06-01,South,Home Goods,41.58,76237.72,39.0
697,2024-01-10,West,Toys,22.43,73911.33,38.0
698,2024-02-25,East,Groceries,59.21,50319.57,37.0
699,2024-01-30,North,Clothing,53.75,50720.44,35.0
700,2024-04-18,West,Home Goods,41.58,77801.51,50.0
701,2024-01-05,South,Groceries,36.06,67974.2,44.0
702,2024-04-28,West,Groceries,70.68,33201.23,52.0
703,2024-02-02,West,Electronics,48.0,57064.46,25.0
704,2024-04-27,East,Home Goods,38.49,56511.65,58.0
705,2024-03-05,south,Electronics,78.83,63714.52,47.0
706,2024-05-25,East,Toys,40.14,60090.69,54.0
707,2024-06-25,North,Clothing,67.08,52309.33,45.0
708,2024-01-11,North,Electronics,32.74,62675.39,42.0
709,2024-03-25,West,Clothing,44.68,53283.34,52.0
710,2024-01-26,South,Electronics,637.79,111212.81,24.0
711,2024-03-03,South,Groceries,49.13,61840.92,33.0
712,2024-03-26,West,Toys,53.66,59779.51,34.0
713,2024-02-28,South,Home Goods,41.92,87642.11,41.0
714,2024-01-27,South,Electronics,26.03,39534.85,28.0
715,2024-06-25,West,Electronics,71.98,58350.41,52.0
716,2024-06-09,North,Home Goods,42.83,45755.95,58.0
717,2024-04-07,West,Toys,54.34,69525.15,31.0
718,2024-04-14,West,Clothing,60.53,52584.76,30.0
719,2024-04-08,West,Clothing,54.63,68701.41,28.0
720,2024-05-08,East,Clothing,39.37,67620.76,48.0
721,2024-05-28,South,Home Goods,67.4,71705.58,48.0
722,2024-02-24,South,Groceries,57.71,67867.78,33.0
723,2024-01-06,West,Electronics,52.98,56639.41,27.0
724,2024-04-04,West,Electronics,52.63,39035.21,29.0
725,2024-05-12,East,Home Goods,75.23,75136.27,42.0
726,2024-04-11,South,Electronics,39.05,81135.41,42.0
727,2024-01-03,North,Clothing,56.23,45931.98,32.0
728,2024-01-23,North,Groceries,42.07,71038.16,45.0
729,2024-02-22,West,Electronics,20.96,,25.0
730,2024-06-13,East,Electronics,20.56,63051.48,44.0
731,2024-03-23,West,Home Goods,34.78,66141.31,22.0
732,2024-05-24,West,Home Goods,40.12,53606.7,55.0
733,2024-03-25,North,Home Goods,82.59,61426.07,22.0
734,2024-03-18,SOUTH ,Home Goods,60.48,72723.05,55.0
735,2024-04-19,East,Groceries,61.83,58358.75,50.0
736,2024-01-01,East,Home Goods,40.44,,44.0
737,2024-02-20,West,Clothing,50.92,41643.31,35.0
738,2024-06-21,West,Groceries,84.59,54138.53,66.0
739,2024-01-04,West,Toys,31.78,42379.18,26.0
740,2024-04-22,South,Electronics,452.7,54339.24,45.0
741,2024-02-01,North,Clothing,74.17,53021.36,26.0
742,2024-02-03,West,Clothing,64.49,72061.57,44.0
743,2024-04-01,North,Electronics,77.02,61102.13,45.0
744,2024-04-04,South,Electronics,53.19,98208.9,34.0
745,2024-03-12,North,Home Goods,59.05,29796.16,34.0
746,2024-02-08,East,Toys,51.65,64700.57,39.0
747,2024-06-02,North,Clothing,58.0,53226.66,56.0
748,2024-06-10,East,Electronics,36.27,45659.39,53.0
749,2024-04-27,West,Electronics,61.89,,49.0
750,2024-01-03,North,Home Goods,54.41,58430.75,35.0
751,2024-05-02,North,Clothing,50.94,76167.19,47.0
752,2024-02-19,South,Clothing,76.2,61368.88,43.0
753,2024-01-12,West,Clothing,46.02,49607.98,33.0
754,2024-02-23,South,Clothing,68.12,65013.16,36.0
755,2024-05-12,South,Clothing,69.61,56555.23,55.0
756,2024-02-26,North,Home Goods,62.83,43117.82,45.0
757,2024-05-24,West,Groceries,35.52,56271.82,54.0
758,2024-04-21,East,Groceries,55.39,63464.13,52.0
759,2024-02-16,West,Clothing,79.38,61084.24,53.0
760,2024-05-30,West,Groceries,22.72,64954.7,53.0
761,2024-03-25,South,Groceries,47.19,52102.72,25.0
762,2024-05-21,West,Electronics,67.43,64764.18,50.0
763,2024-03-06,North,Groceries,48.27,61801.74,27.0
764,2024-03-15,West,Electronics,62.15,61923.44,43.0
765,2024-06-27,East,Home Goods,71.14,60485.35,37.0
766,2024-04-12,West,Clothing,53.48,92641.4,30.0
767,2024-06-14,North,Toys,57.63,76651.89,51.0
768,2024-02-07,North,Electronics,51.38,64430.88,27.0
769,2024-02-19,South,Home Goods,54.47,,52.0
770,2024-04-07,South,Groceries,81.54,55615.01,43.0
771,2024-03-22,South,Home Goods,49.04,,27.0
772,2024-01-30,South,Clothing,44.7,51555.94,14.0
773,2024-03-19,North,Clothing,65.63,57514.06,45.0
774,2024-03-31,East,Home Goods,37.36,56678.95,29.0
775,2024-06-27,West,Electronics,40.78,65518.31,48.0
776,2024-02-21,East,Electronics,40.87,53450.3,38.0
777,2024-06-14,North,Groceries,46.16,,66.0
778,2024-03-19,East,Clothing,46.82,53785.25,27.0
779,2024-01-30,North,Electronics,60.49,79717.66,31.0
780,2024-04-15,West,Electronics,44.86,49705.84,55.0
781,2024-02-20,North,Electronics,61.09,74664.67,36.0
782,2024-03-21,West,Home Goods,62.96,51222.96,39.0
783,2024-05-12,south,Groceries,40.2,47193.81,52.0
784,2024-01-29,West,Home Goods,62.64,49488.11,40.0
785,2024-05-11,East,Toys,64.0,34328.46,54.0
786,2024-05-17,West,Clothing,23.59,66578.98,42.0
787,2024-05-24,West,Electronics,54.4,42540.36,45.0
788,2024-03-14,East,Electronics,42.4,54631.21,31.0
789,2024-01-17,East,Electronics,69.55,71424.32,26.0
790,2024-03-24,East,Toys,42.25,70940.29,25.0
791,2024-03-09,East,Clothing,29.91,38525.12,9.0
792,2024-02-03,East,Electronics,49.55,64658.15,44.0
793,2024-01-06,East,Clothing,36.55,77107.41,22.0
794,2024-02-22,South,Groceries,62.74,50447.36,49.0
795,2024-05-05,North,Groceries,37.87,67703.6,47.0
796,2024-02-12,North,Electronics,49.74,42850.81,19.0
797,2024-04-24,South,Toys,73.19,65784.85,53.0
798,2024-04-20,North,Clothing,66.48,61969.07,47.0
799,2024-05-30,East,Electronics,57.17,69917.2,46.0
800,2024-03-20,South,Home Goods,48.09,68987.19,41.0
801,2024-04-04,West,Electronics,55.74,39697.75,20.0
802,2024-04-27,North,Toys,60.33,62048.3,41.0
803,2024-05-23,SOUTH ,Toys,370.57,,50.0
804,2024-01-08,West,Groceries,62.77,27220.37,40.0
805,2024-05-11,East,Home Goods,33.47,74503.89,51.0
806,2024-04-13,North,Clothing,58.59,84025.58,22.0
807,2024-05-11,West,Toys,33.4,37730.47,53.0
808,2024-01-25,West,Clothing,79.44,49939.51,46.0
809,2024-04-05,South,Groceries,61.45,67766.15,32.0
810,2024-06-03,South,Toys,305.12,46708.12,44.0
811,2024-04-02,West,Toys,49.99,80468.69,37.0
812,2024-06-08,East,Home Goods,42.18,75883.44,53.0
813,2024-06-26,East,Clothing,40.4,39225.55,42.0
814,2024-03-01,West,Toys,52.21,48854.13,21.0
815,2024-05-01,South,Groceries,36.08,71547.55,48.0
816,2024-02-20,East,Toys,61.42,70959.89,37.0
817,2024-05-26,South,Groceries,60.57,93276.6,52.0
818,2024-01-21,West,Clothing,55.27,46801.77,30.0
819,2024-01-05,East,Clothing,49.71,81888.27,36.0
820,2024-04-01,East,Groceries,59.9,46291.29,27.0
821,2024-06-18,South,Home Goods,61.87,67504.81,48.0
822,2024-03-01,South,Clothing,56.82,73385.14,42.0
823,2024-01-22,East,Groceries,30.32,15091.5,40.0
824,2024-05-28,West,Clothing,38.17,,38.0
825,2024-03-10,East,Home Goods,45.98,80768.55,36.0
826,2024-01-01,North,Clothing,27.86,,37.0
827,2024-05-12,West,Electronics,53.36,,38.0
828,2024-01-12,North,Electronics,71.17,74477.66,38.0
829,2024-03-30,south,Electronics,68.78,51941.92,38.0
830,2024-02-15,North,Clothing,61.09,78585.17,34.0
831,2024-02-03,East,Electronics,60.92,51090.51,25.0
832,2024-06-25,North,Electronics,83.23,61236.27,52.0
833,2024-03-18,West,Toys,62.66,72476.75,54.0
834,2024-02-14,East,Home Goods,63.88,66721.21,31.0
835,2024-06-03,North,Clothing,28.42,80266.98,55.0
836,2024-03-13,South,Toys,69.99,97330.12,35.0
837,2024-01-26,North,Electronics,55.98,42939.54,27.0
838,2024-02-16,North,Groceries,48.8,55074.96,32.0
839,2024-04-30,West,Groceries,45.09,64745.68,53.0
840,2024-02-25,East,Clothing,41.77,53052.14,42.0
841,2024-04-03,West,Clothing,68.85,,59.0
842,2024-04-16,East,Clothing,49.57,71637.29,55.0
843,2024-03-03,East,Clothing,42.32,69643.62,23.0
844,2024-02-17,North,Groceries,38.43,63709.99,18.0
845,2024-03-01,South,Electronics,52.56,,31.0
846,2024-03-21,West,Electronics,44.61,56641.95,24.0
847,2024-01-26,West,Electronics,41.18,81067.84,41.0
848,2024-02-05,South,Electronics,471.72,84950.83,41.0
849,2024-01-01,South,Clothing,64.39,75282.21,34.0
850,2024-01-08,East,Electronics,47.93,42759.35,42.0
851,2024-04-22,West,Home Goods,33.72,56066.84,48.0
852,2024-04-08,South,Electronics,45.93,,54.0
853,2024-06-28,East,Electronics,58.24,,56.0
854,2024-02-16,West,Groceries,50.43,61186.26,44.0
855,2024-05-06,North,Electronics,52.86,60333.33,53.0
856,2024-02-25,North,Groceries,50.64,76262.07,23.0
857,2024-01-14,East,Groceries,30.85,52525.64,40.0
858,2024-01-28,West,Electronics,64.23,77449.54,20.0
859,2024-03-18,South,Electronics,24.38,45639.48,29.0
860,2024-05-09,East,Clothing,56.92,47732.41,45.0
861,2024-04-18,East,Electronics,59.23,54309.57,54.0
862,2024-06-02,East,Electronics,46.7,60718.08,52.0
863,2024-01-14,East,Electronics,55.3,23752.31,42.0
864,2024-02-25,East,Electronics,45.84,66889.46,56.0
865,2024-04-24,East,Clothing,55.48,85640.14,63.0
866,2024-01-07,East,Groceries,64.89,69769.04,47.0
867,2024-01-03,East,Groceries,38.12,56839.95,26.0
868,2024-04-20,East,Electronics,60.11,43731.13,61.0
869,2024-05-30,West,Electronics,75.39,32804.67,49.0
870,2024-04-16,North,Home Goods,53.97,35354.65,47.0
871,2024-01-18,West,Groceries,42.45,58037.4,44.0
872,2024-02-07,West,Home Goods,83.95,,20.0
873,2024-04-24,South,Clothing,51.33,19243.9,62.0
874,2024-01-15,East,Groceries,53.47,70503.27,46.0
875,2024-04-28,East,Clothing,53.79,49834.27,54.0
876,2024-01-28,South,Clothing,56.72,54967.58,40.0
877,2024-02-08,South,Clothing,44.92,45934.52,51.0
878,2024-01-17,North,Clothing,52.85,39488.42,33.0
879,2024-03-26,South,Electronics,64.28,61884.56,20.0
880,2024-05-05,West,Clothing,44.4,63942.05,49.0
881,2024-02-13,South,Home Goods,43.7,70025.1,34.0
882,2024-01-25,West,Toys,45.62,34721.34,14.0
883,2024-05-24,East,Clothing,33.53,,34.0
884,2024-01-13,West,Clothing,39.76,73377.11,22.0
885,2024-01-25,East,Electronics,39.15,66367.41,27.0
886,2024-03-08,North,Groceries,49.99,53685.58,31.0
887,2024-05-17,SOUTH ,Clothing,62.54,64626.46,44.0
888,2024-03-07,North,Toys,71.81,57593.26,27.0
889,2024-04-18,East,Clothing,50.86,74527.74,43.0
890,2024-05-25,West,Clothing,56.85,54501.84,49.0
891,2024-04-20,North,Groceries,53.65,61620.37,55.0
892,2024-04-20,South,Home Goods,18.6,,56.0
893,2024-02-03,West,Clothing,32.78,64579.5,53.0
894,2024-04-20,West,Clothing,61.42,48756.68,62.0
895,2024-01-08,East,Toys,62.88,67686.99,31.0
896,2024-06-16,South,Electronics,418.26,71826.37,57.0
897,2024-04-22,East,Home Goods,47.33,50850.41,40.0
898,2024-03-23,South,Electronics,607.97,60467.82,41.0
899,2024-02-11,West,Home Goods,34.57,62617.42,35.0
900,2024-06-17,West,Groceries,36.87,65520.96,58.0
901,2024-04-10,West,Clothing,59.43,71847.87,31.0
902,2024-01-06,West,Home Goods,44.64,69885.17,35.0
903,2024-06-28,North,Electronics,75.36,54301.65,64.0
904,2024-01-26,West,Electronics,72.01,83974.83,27.0
905,2024-03-04,West,Groceries,75.11,71279.81,19.0
906,2024-02-28,North,Clothing,36.25,81077.17,36.0
907,2024-04-18,West,Groceries,57.36,65200.6,63.0
908,2024-04-30,South,Electronics,466.81,66087.08,40.0
909,2024-02-02,East,Electronics,54.92,58242.13,59.0
910,2024-05-29,West,Electronics,37.92,53343.38,48.0
911,2024-01-21,East,Electronics,68.39,74630.07,34.0
912,2024-03-10,North,Clothing,38.2,63968.86,37.0
913,2024-04-21,East,Home Goods,20.79,58026.54,58.0
914,2024-01-04,East,Toys,80.51,44660.63,34.0
915,2024-04-03,West,Home Goods,56.64,83326.73,27.0
916,2024-03-15,East,Electronics,33.96,61689.38,44.0
917,2024-03-02,South,Clothing,47.57,41599.16,40.0
918,2024-04-03,West,Electronics,41.35,61221.34,27.0
919,2024-04-04,East,Electronics,50.09,56986.19,38.0
920,2024-05-31,East,Clothing,62.04,56370.8,41.0
921,2024-02-24,East,Electronics,59.69,68643.9,31.0
922,2024-05-16,West,Electronics,53.81,57006.91,36.0
923,2024-05-10,East,Toys,50.08,55417.51,53.0
924,2024-01-31,East,Clothing,66.18,,32.0
925,2024-02-09,North,Clothing,21.12,33906.5,38.0
926,2024-02-05,south,Electronics,38.77,59229.27,43.0
927,2024-05-31,south,Electronics,35.32,73932.78,45.0
928,2024-01-06,North,Home Goods,65.09,69403.99,37.0
929,2024-03-06,East,Electronics,38.91,75300.73,30.0
930,2024-03-15,West,Clothing,30.71,90323.58,47.0
931,2024-01-04,East,Electronics,58.24,85484.28,27.0
932,2024-03-19,West,Clothing,36.37,42666.98,19.0
933,2024-05-13,West,Electronics,44.74,35839.45,37.0
934,2024-04-27,West,Home Goods,85.72,64902.79,60.0
935,2024-04-22,East,Home Goods,61.81,39688.23,51.0
936,2024-04-03,East,Home Goods,46.83,31102.96,48.0
937,2024-06-27,East,Electronics,48.18,64743.64,46.0
938,2024-03-02,North,Home Goods,63.61,68505.68,58.0
939,2024-03-19,South,Clothing,59.94,85667.11,32.0
940,2024-05-15,West,Clothing,51.13,71526.47,42.0
941,2024-01-26,West,Groceries,51.55,88793.4,57.0
942,2024-06-27,South,Electronics,27.8,65333.31,51.0
943,2024-06-21,East,Electronics,24.65,42955.95,54.0
944,2024-02-13,West,Groceries,47.35,72332.81,33.0
945,2024-05-12,North,Electronics,40.5,80014.7,53.0
946,2024-03-10,South,Groceries,58.79,,27.0
947,2024-06-02,West,Clothing,52.96,81758.26,38.0
948,2024-04-27,East,Home Goods,38.41,58151.24,54.0
949,2024-03-08,North,Toys,52.45,68188.49,35.0
950,2024-01-19,East,Home Goods,43.73,57385.02,48.0
951,2024-01-20,West,Electronics,81.0,95685.65,34.0
952,2024-04-22,East,Electronics,55.79,72618.91,56.0
953,2024-05-19,South,Clothing,26.59,43249.42,47.0
954,2024-02-16,South,Electronics,436.83,87788.96,38.0
955,2024-01-01,East,Electronics,40.5,49002.3,25.0
956,2024-03-30,East,Groceries,35.38,60205.44,26.0
957,2024-05-21,West,Clothing,82.16,67024.51,58.0
958,2024-03-04,North,Toys,55.19,68249.88,11.0
959,2024-02-07,West,Electronics,60.51,67255.83,29.0
960,2024-02-06,North,Electronics,61.0,43004.32,34.0
961,2024-05-05,South,Electronics,627.52,67305.52,43.0
962,2024-05-18,North,Toys,41.41,76509.69,60.0
963,2024-04-09,South,Home Goods,43.86,76077.96,31.0
964,2024-03-17,East,Home Goods,74.13,40472.81,47.0
965,2024-01-03,East,Toys,53.06,50165.21,45.0
966,2024-06-09,North,Clothing,69.69,44332.18,51.0
967,2024-05-13,East,Clothing,48.85,65097.19,46.0
968,2024-06-26,North,Clothing,38.67,36725.28,47.0
969,2024-01-10,West,Groceries,28.37,43158.86,37.0
970,2024-01-05,West,Clothing,59.72,50022.98,36.0
971,2024-05-30,South,Clothing,75.41,33048.15,58.0
972,2024-05-17,East,Toys,36.71,59583.01,52.0
973,2024-06-20,South,Toys,57.7,28402.57,55.0
974,2024-05-09,North,Home Goods,29.37,67280.17,59.0
975,2024-01-13,South,Home Goods,41.66,54044.68,37.0
976,2024-06-16,West,Groceries,54.02,50640.25,46.0
977,2024-05-09,East,Electronics,24.08,53088.77,51.0
978,2024-03-24,North,Electronics,49.73,59094.21,33.0
979,2024-03-05,West,Groceries,37.45,,33.0
980,2024-03-03,East,Groceries,59.07,79756.46,37.0
981,2024-04-10,West,Electronics,47.52,,27.0
982,2024-03-13,East,Toys,64.09,,45.0
983,2024-01-17,East,Electronics,45.81,70129.46,33.0
984,2024-01-09,North,Electronics,29.56,62104.73,36.0
985,2024-05-22,North,Groceries,27.7,53144.52,48.0
986,2024-05-31,West,Electronics,21.36,,58.0
987,2024-02-07,South,Electronics,59.49,68085.57,52.0
988,2024-06-11,West,Clothing,88.37,45008.34,47.0
989,2024-04-03,East,Home Goods,56.53,63434.64,30.0
990,2024-04-04,North,Clothing,75.08,59717.03,27.0
991,2024-02-18,North,Groceries,67.0,49078.54,34.0
992,2024-03-09,South,Groceries,42.22,,34.0
993,2024-03-02,West,Electronics,68.98,97870.76,36.0
994,2024-06-26,East,Toys,42.82,39051.43,50.0
995,2024-03-18,South,Electronics,616.34,58983.62,38.0
996,2024-04-26,South,Toys,46.87,78338.76,68.0
997,2024-04-29,North,Clothing,47.58,67935.85,60.0
998,2024-05-16,East,Toys,59.92,52896.97,42.0
999,2024-06-10,North,Electronics,39.94,42117.79,57.0
1000,2024-03-16,West,Clothing,63.34,61946.8,20.0
1001,2024-02-04,South,Electronics,454.14,20407.27,28.0
1002,2024-01-01,South,Electronics,587.28,62548.01,37.0
1003,2024-02-09,East,Groceries,79.09,60522.4,27.0
1004,2024-03-04,East,Electronics,69.31,76051.83,29.0
1005,2024-05-29,West,Groceries,66.05,42849.9,56.0
1006,2024-02-29,East,Electronics,50.99,55147.93,32.0
1007,2024-03-04,North,Clothing,55.28,,15.0
1008,2024-04-02,East,Home Goods,57.86,63083.52,46.0
1009,2024-03-12,North,Clothing,50.2,39860.3,43.0
1010,2024-01-11,SOUTH ,Groceries,44.37,50287.47,22.0
1011,2024-04-14,West,Groceries,13.91,80998.67,36.0
1012,2024-01-14,West,Home Goods,60.77,63889.9,24.0
1013,2024-02-29,West,Clothing,65.62,35038.26,29.0
1014,2024-01-30,East,Groceries,32.58,73248.48,40.0
1015,2024-02-04,East,Toys,59.08,36011.03,43.0
1016,2024-06-13,North,Groceries,41.13,55394.69,41.0
1017,2024-01-05,South,Clothing,44.5,68449.15,37.0
1018,2024-03-23,West,Groceries,69.66,78205.59,48.0
1019,2024-05-02,South,Groceries,35.14,24931.14,49.0
1020,2024-03-18,West,Groceries,35.12,70673.85,31.0
1021,2024-06-02,West,Electronics,77.07,72925.87,42.0
1022,2024-03-02,North,Electronics,47.82,51644.77,34.0
1023,2024-05-11,East,Home Goods,68.7,61363.64,31.0
1024,2024-03-29,East,Electronics,26.02,14220.42,38.0
1025,2024-02-11,South,Groceries,27.22,18780.3,29.0
1026,2024-03-29,West,Clothing,36.31,,43.0
1027,2024-05-25,East,Clothing,42.78,51916.57,49.0
1028,2024-02-09,North,Electronics,28.95,54806.82,43.0
1029,2024-03-12,East,Electronics,55.54,63520.15,40.0
1030,2024-02-08,West,Toys,56.52,54511.02,49.0
1031,2024-04-13,North,Home Goods,36.53,53119.62,38.0
1032,2024-01-14,West,Groceries,37.72,65917.34,41.0
1033,2024-02-01,South,Clothing,39.7,37566.96,34.0
1034,2024-06-27,West,Groceries,32.53,77398.76,46.0
1035,2024-05-04,West,Groceries,6.57,56546.25,41.0
1036,2024-06-14,South,Groceries,48.72,44915.12,50.0
1037,2024-04-06,South,Electronics,551.14,42896.85,29.0
1038,2024-01-23,West,Groceries,45.08,60639.78,33.0
1039,2024-03-03,East,Home Goods,34.82,55404.63,35.0
1040,2024-05-22,West,Toys,62.16,36767.4,33.0
1041,2024-06-01,North,Electronics,86.38,,50.0
1042,2024-05-24,West,Groceries,37.49,47862.01,50.0
1043,2024-02-22,West,Groceries,71.0,78927.85,55.0
1044,2024-04-13,West,Clothing,55.5,61956.79,29.0
1045,2024-04-13,North,Electronics,50.53,83540.09,41.0
1046,2024-06-27,East,Clothing,44.84,49350.39,55.0
1047,2024-02-08,East,Clothing,48.75,,35.0
1048,2024-06-27,South,Clothing,67.24,65798.3,37.0
1049,2024-05-13,East,Groceries,32.93,69061.99,67.0
1050,2024-03-07,North,Groceries,45.87,70814.87,38.0
1051,2024-05-14,West,Groceries,68.74,46682.86,64.0
1052,2024-06-27,East,Toys,64.76,47104.81,44.0
1053,2024-02-11,North,Clothing,33.16,54668.7,45.0
1054,2024-01-15,East,Electronics,47.26,82213.6,45.0
1055,2024-04-20,East,Groceries,60.92,44989.75,62.0
1056,2024-06-05,North,Electronics,59.95,52096.12,57.0
1057,2024-02-02,West,Clothing,64.63,70947.87,43.0
1058,2024-06-03,West,Electronics,55.76,70145.31,46.0
1059,2024-06-12,East,Electronics,58.28,68331.28,45.0
1060,2024-06-05,North,Home Goods,55.14,61212.65,46.0
1061,2024-02-07,West,Electronics,73.7,44023.0,39.0
1062,2024-04-06,East,Clothing,43.67,49638.36,44.0
1063,2024-06-03,South,Electronics,50.72,76897.35,73.0
1064,2024-02-02,East,Groceries,34.78,71604.56,51.0
1065,2024-03-26,south,Clothing,31.82,39975.23,51.0
1066,2024-03-06,East,Groceries,54.87,73041.86,32.0
1067,2024-01-10,East,Clothing,39.14,79631.68,37.0
1068,2024-01-05,East,Electronics,49.13,60807.46,30.0
1069,2024-05-02,West,Clothing,74.27,,61.0
1070,2024-03-14,South,Electronics,73.4,75172.28,25.0
1071,2024-04-06,West,Clothing,83.36,49564.25,42.0
1072,2024-04-27,West,Clothing,74.56,94943.97,48.0
1073,2024-02-07,East,Toys,86.05,78346.17,44.0
1074,2024-05-20,East,Electronics,56.55,67860.42,49.0
1075,2024-06-07,East,Groceries,36.45,59482.38,57.0
1076,2024-02-16,East,Electronics,34.99,67421.66,27.0
1077,2024-04-18,West,Clothing,70.94,36595.76,56.0
1078,2024-06-28,East,Clothing,50.77,,42.0
1079,2024-01-15,West,Toys,51.89,76933.37,52.0
1080,2024-06-05,North,Electronics,41.76,81960.2,52.0
1081,2024-05-15,North,Electronics,43.56,60461.36,46.0
1082,2024-01-05,East,Clothing,55.76,54595.66,41.0
1083,2024-06-05,South,Electronics,413.76,49885.39,51.0
1084,2024-02-16,South,Electronics,395.38,72203.62,28.0
1085,2024-03-08,South,Groceries,72.67,52311.79,26.0
1086,2024-03-16,South,Electronics,464.49,57189.65,36.0
1087,2024-06-21,North,Electronics,26.88,68195.99,50.0
1088,2024-05-09,West,Groceries,60.13,50110.08,58.0
1089,2024-06-03,South,Clothing,70.46,75659.2,48.0
1090,2024-04-04,West,Electronics,42.65,59733.88,38.0
1091,2024-04-24,West,Electronics,20.03,,51.0
1092,2024-06-12,West,Groceries,71.48,,35.0
1093,2024-02-05,North,Electronics,37.83,,33.0
1094,2024-01-26,West,Clothing,44.58,45944.96,38.0
1095,2024-02-12,East,Electronics,54.79,73411.16,33.0
1096,2024-01-27,East,Groceries,40.0,61825.1,50.0
1097,2024-03-09,East,Clothing,36.86,57424.5,41.0
1098,2024-05-27,West,Groceries,37.13,97688.91,53.0
1099,2024-01-11,South,Home Goods,77.87,40736.76,45.0
1100,2024-03-14,West,Groceries,67.39,48898.0,39.0
1101,2024-04-13,East,Electronics,58.62,59648.55,31.0
1102,2024-02-07,West,Electronics,17.2,96236.24,32.0
1103,2024-05-13,West,Clothing,58.67,59683.48,44.0
1104,2024-01-23,South,Electronics,448.62,64113.79,55.0
1105,2024-02-16,West,Electronics,30.83,54962.47,44.0
1106,2024-03-30,North,Home Goods,53.88,65379.43,9.0
1107,2024-02-15,North,Clothing,65.77,55892.74,48.0
1108,2024-04-16,North,Clothing,58.54,70429.84,38.0
1109,2024-05-19,South,Groceries,39.8,71612.81,59.0
1110,2024-05-20,East,Groceries,50.2,56488.42,50.0
1111,2024-04-13,North,Electronics,60.96,43117.8,31.0
1112,2024-04-20,North,Home Goods,50.89,61403.55,33.0
1113,2024-04-13,West,Electronics,68.81,81031.83,49.0
1114,2024-02-29,West,Groceries,55.94,47600.09,38.0
1115,2024-06-19,West,Home Goods,61.29,65008.75,44.0
1116,2024-04-09,West,Groceries,62.32,41913.89,21.0
1117,2024-03-08,West,Groceries,34.0,,40.0
1118,2024-05-12,North,Electronics,50.75,79505.49,50.0
1119,2024-04-29,South,Clothing,45.01,70373.0,50.0
1120,2024-02-06,West,Groceries,65.66,65234.48,29.0
1121,2024-03-12,South,Clothing,56.95,25173.4,35.0
1122,2024-05-06,East,Home Goods,47.18,51706.61,46.0
1123,2024-04-15,North,Clothing,30.77,69102.21,23.0
1124,2024-04-01,South,Electronics,702.76,38264.02,44.0
1125,2024-01-31,East,Electronics,54.66,54691.72,46.0
1126,2024-05-01,East,Clothing,39.24,71499.81,46.0
1127,2024-05-16,East,Groceries,59.99,37332.92,59.0
1128,2024-02-20,East,Groceries,25.35,34810.7,9.0
1129,2024-01-29,North,Groceries,73.89,37592.58,30.0
1130,2024-02-09,North,Home Goods,59.96,65017.28,35.0
1131,2024-02-10,West,Home Goods,51.49,51645.02,29.0
1132,2024-01-11,East,Home Goods,75.25,73170.73,30.0
1133,2024-05-30,North,Electronics,64.23,61815.28,61.0
1134,2024-01-01,West,Groceries,42.87,88208.02,41.0
1135,2024-02-15,South,Electronics,467.28,41437.77,25.0
1136,2024-04-10,East,Electronics,20.54,64976.58,34.0
1137,2024-05-28,North,Groceries,65.96,48071.78,45.0
1138,2024-03-30,West,Clothing,45.56,69003.19,41.0
1139,2024-04-19,East,Electronics,20.34,61799.04,65.0
1140,2024-06-12,South,Electronics,436.9,,37.0
1141,2024-02-26,West,Electronics,63.06,57642.72,28.0
1142,2024-01-01,East,Toys,74.21,61096.47,15.0
1143,2024-03-03,South,Electronics,539.21,51010.37,33.0
1144,2024-02-24,North,Electronics,35.27,,19.0
1145,2024-04-24,South,Clothing,28.69,44533.61,44.0
1146,2024-06-16,North,Clothing,71.22,,57.0
1147,2024-05-22,East,Toys,56.74,74305.35,56.0
1148,2024-05-28,West,Electronics,45.05,65231.12,50.0
1149,2024-06-23,East,Clothing,41.48,,41.0
1150,2024-02-22,South,Groceries,60.08,55360.52,56.0
1151,2024-05-16,North,Toys,59.66,69170.64,41.0
1152,2024-06-28,South,Groceries,36.55,63340.21,44.0
1153,2024-02-26,East,Home Goods,32.86,71962.02,26.0
1154,2024-04-26,West,Electronics,33.62,82441.75,41.0
1155,2024-06-02,North,Clothing,42.98,68234.24,51.0
1156,2024-06-17,West,Clothing,39.65,75626.91,49.0
1157,2024-02-04,West,Home Goods,74.27,51744.18,39.0
1158,2024-03-03,East,Electronics,42.44,56907.75,42.0
1159,2024-01-25,West,Electronics,31.26,84574.31,38.0
1160,2024-03-30,East,Clothing,32.1,68952.84,44.0
1161,2024-03-15,East,Electronics,47.24,63724.85,36.0
1162,2024-02-07,East,Electronics,22.67,48701.34,29.0
1163,2024-05-09,East,Toys,49.1,74498.94,41.0
1164,2024-05-14,South,Clothing,29.96,48278.02,47.0
1165,2024-06-10,South,Groceries,67.38,43857.51,29.0
1166,2024-03-31,South,Groceries,51.75,61723.89,47.0
1167,2024-01-17,East,Clothing,81.82,23962.61,32.0
1168,2024-05-07,North,Electronics,46.58,69166.15,53.0
1169,2024-06-19,West,Electronics,3.02,65654.16,56.0
1170,2024-04-17,West,Clothing,71.87,54707.95,43.0
1171,2024-06-27,East,Groceries,57.53,,44.0
1172,2024-05-31,North,Clothing,59.85,58210.19,52.0
1173,2024-01-25,West,Electronics,34.96,48163.09,43.0
1174,2024-06-28,West,Clothing,49.36,62768.59,51.0
1175,2024-03-28,West,Toys,52.8,,29.0
1176,2024-06-09,South,Home Goods,46.43,61686.78,56.0
1177,2024-06-25,East,Home Goods,23.98,57664.07,44.0
1178,2024-01-29,North,Home Goods,91.53,54712.07,29.0
1179,2024-03-03,North,Clothing,62.54,64177.39,54.0
1180,2024-05-29,West,Home Goods,56.31,71716.5,45.0
1181,2024-06-02,West,Electronics,69.71,52128.46,48.0
1182,2024-06-04,East,Groceries,59.66,,41.0
1183,2024-04-23,West,Groceries,39.84,67791.46,48.0
1184,2024-02-18,East,Electronics,68.75,40742.04,27.0
1185,2024-03-21,East,Home Goods,62.78,74648.17,24.0
1186,2024-03-24,South,Toys,40.41,90846.77,31.0
1187,2024-04-14,West,Electronics,61.85,58678.56,32.0
1188,2024-06-25,North,Home Goods,46.39,57432.07,42.0
1189,2024-05-27,West,Electronics,53.13,,53.0
1190,2024-04-27,West,Groceries,N/A,69309.09,43.0
1191,2024-03-26,North,Clothing,70.53,67661.68,38.0
1192,2024-03-03,East,Clothing,40.31,36140.08,30.0
1193,2024-04-13,West,Toys,55.47,47008.18,31.0
1194,2024-02-18,East,Home Goods,80.24,67609.69,34.0
1195,2024-03-11,West,Home Goods,47.36,57824.67,34.0
1196,2024-01-01,West,Electronics,52.95,,34.0
1197,2024-05-20,East,Toys,80.21,82503.9,52.0
1198,2024-06-27,South,Electronics,566.33,48004.3,62.0
1199,2024-05-02,West,Home Goods,27.89,60536.66,53.0
1200,2024-03-02,East,Clothing,38.07,57427.21,49.0
1201,2024-02-01,North,Electronics,60.34,43819.67,54.0
1202,2024-06-06,North,Groceries,56.35,62774.32,51.0
1203,2024-01-29,East,Electronics,52.44,65881.6,19.0
1204,2024-02-18,West,Electronics,82.42,52984.86,32.0
1205,2024-06-21,West,Clothing,40.74,54957.12,39.0
1206,2024-01-30,East,Electronics,48.88,69007.31,39.0
1207,2024-05-23,North,Electronics,20.55,30372.93,61.0
1208,2024-06-16,South,Electronics,67.41,47324.94,59.0
1209,2024-01-19,West,Clothing,38.02,63201.52,15.0
1210,2024-01-18,North,Electronics,65.86,,21.0
1211,2024-01-01,South,Groceries,64.28,51884.56,41.0
1212,2024-03-18,North,Electronics,85.24,73525.39,46.0
1213,2024-04-24,East,Toys,59.74,50500.14,49.0
1214,2024-06-23,West,Home Goods,44.66,89687.67,47.0
1215,2024-04-22,South,Electronics,551.02,33682.31,43.0
1216,2024-04-23,East,Home Goods,38.61,26820.09,64.0
1217,2024-06-14,East,Home Goods,54.79,73184.04,56.0
1218,2024-06-27,West,Toys,46.99,45240.73,44.0
1219,2024-03-03,North,Groceries,48.94,,44.0
1220,2024-05-11,East,Electronics,36.52,74771.0,59.0
1221,2024-05-08,South,Groceries,54.51,52540.97,61.0
1222,2024-01-08,West,Groceries,62.36,73655.43,51.0
1223,2024-06-05,East,Groceries,25.22,50843.82,50.0
1224,2024-02-24,North,Clothing,39.67,65437.97,38.0
1225,2024-04-12,East,Home Goods,52.52,52328.66,36.0
1226,2024-05-10,West,Toys,14.79,46202.82,47.0
1227,2024-02-01,North,Electronics,76.1,85959.02,38.0
1228,2024-01-10,West,Electronics,39.33,76746.93,42.0
1229,2024-04-19,North,Electronics,35.93,49100.39,42.0
1230,2024-06-10,East,Home Goods,46.89,57324.06,56.0
1231,2024-05-03,East,Groceries,52.06,82143.4,47.0
1232,2024-03-27,West,Groceries,38.65,45176.69,44.0
1233,2024-02-24,South,Clothing,64.71,45988.38,32.0
1234,2024-02-01,West,Groceries,56.0,67050.91,37.0
1235,2024-06-26,West,Clothing,37.44,94057.42,46.0
1236,2024-05-14,East,Clothing,42.16,60807.47,50.0
1237,2024-04-02,West,Home Goods,27.25,75747.17,27.0
1238,2024-01-08,West,Toys,31.2,,28.0
1239,2024-03-05,North,Toys,55.81,65415.79,39.0
1240,2024-02-26,South,Toys,533.41,54605.78,33.0
1241,2024-03-07,West,Clothing,77.06,87999.38,33.0
1242,2024-03-12,North,Clothing,51.06,83980.36,41.0
1243,2024-02-23,West,Groceries,29.71,94191.25,45.0
1244,2024-03-07,West,Toys,32.85,49567.66,47.0
1245,2024-02-20,North,Electronics,65.79,60532.47,29.0
1246,2024-04-06,East,Clothing,48.85,65627.5,44.0
1247,2024-04-01,East,Electronics,64.88,50152.99,56.0
1248,2024-01-08,East,Groceries,44.5,,36.0
1249,2024-06-10,south,Clothing,41.6,73634.67,43.0
1250,2024-02-04,North,Clothing,66.79,51744.52,32.0
1251,2024-04-05,East,Electronics,37.12,49449.65,24.0
1252,2024-03-28,West,Clothing,57.34,48455.16,43.0
1253,2024-03-18,West,Home Goods,46.82,39844.46,34.0
1254,2024-02-01,East,Electronics,63.18,72809.89,34.0
1255,2024-04-29,North,Groceries,77.28,49414.97,62.0
1256,2024-02-15,East,Groceries,44.12,47833.39,43.0
1257,2024-05-23,South,Home Goods,41.79,67936.05,58.0
1258,2024-06-13,West,Electronics,59.99,59840.76,51.0
1259,2024-05-21,West,Toys,33.77,52117.04,43.0
1260,2024-02-24,West,Groceries,74.25,72159.43,56.0
1261,2024-06-24,south,Toys,71.69,51518.31,44.0
1262,2024-01-07,North,Toys,35.01,27345.74,42.0
1263,2024-03-14,West,Electronics,26.25,79998.64,31.0
1264,2024-01-07,South,Electronics,32.59,47577.07,32.0
1265,2024-06-09,West,Electronics,32.82,49215.69,43.0
1266,2024-05-30,South,Clothing,62.03,49281.94,40.0
1267,2024-03-25,West,Electronics,73.24,,38.0
1268,2024-05-26,West,Electronics,61.85,55886.36,53.0
1269,2024-04-21,North,Clothing,46.46,74821.07,45.0
1270,2024-05-04,South,Electronics,452.45,84676.71,44.0
1271,2024-05-26,West,Electronics,36.95,49812.01,43.0
1272,2024-02-05,East,Clothing,66.46,45929.89,30.0
1273,2024-01-29,South,Electronics,424.81,52171.48,35.0
1274,2024-03-22,South,Clothing,61.6,66585.87,32.0
1275,2024-01-02,south,Clothing,39.09,,29.0
1276,2024-05-08,West,Clothing,47.47,52493.83,58.0
1277,2024-02-16,East,Home Goods,60.88,40544.84,33.0
1278,2024-05-27,North,Clothing,71.65,,44.0
1279,2024-01-11,South,Clothing,40.88,44929.24,35.0
1280,2024-05-09,South,Clothing,61.71,78966.24,60.0
1281,2024-04-28,North,Home Goods,39.32,66539.89,48.0
1282,2024-05-19,East,Home Goods,81.76,57126.97,40.0
1283,2024-01-20,South,Home Goods,43.78,70946.8,37.0
1284,2024-01-05,South,Groceries,59.65,40681.75,36.0
1285,2024-02-06,West,Electronics,52.48,60851.25,34.0
1286,2024-06-14,South,Electronics,468.24,33204.67,54.0
1287,2024-05-16,East,Electronics,53.45,65190.29,57.0
1288,2024-02-22,East,Toys,42.27,63892.73,19.0
1289,2024-06-20,East,Groceries,59.59,64249.62,43.0
1290,2024-04-08,East,Groceries,59.26,77514.27,39.0
1291,2024-03-26,East,Clothing,47.64,71639.92,28.0
1292,2024-04-17,south,Home Goods,33.58,41866.3,51.0
1293,2024-01-24,East,Electronics,42.08,77740.79,34.0
1294,2024-03-21,East,Electronics,63.22,56858.22,35.0
1295,2024-06-06,West,Clothing,23.79,30447.77,53.0
1296,2024-04-29,East,Groceries,46.28,58368.67,51.0
1297,2024-02-28,South,Clothing,64.92,69706.94,24.0
1298,2024-05-07,South,Home Goods,48.6,44792.22,46.0
1299,2024-04-23,North,Electronics,82.61,79992.87,57.0
1300,2024-04-24,West,Groceries,23.83,46150.25,48.0
1301,2024-01-14,West,Clothing,35.58,52783.62,43.0
1302,2024-01-09,West,Electronics,15.28,50028.94,26.0
1303,2024-02-09,East,Home Goods,79.91,34365.36,48.0
1304,2024-01-25,East,Home Goods,35.83,,41.0
1305,2024-04-12,North,Groceries,20.2,49322.11,47.0
1306,2024-01-22,East,Home Goods,40.82,58048.42,27.0
1307,2024-01-04,East,Groceries,29.11,,31.0
1308,2024-06-02,West,Electronics,40.93,70748.3,45.0
1309,2024-01-29,South,Groceries,50.62,70600.11,42.0
1310,2024-04-18,East,Clothing,62.07,77721.92,36.0
1311,2024-04-07,East,Electronics,47.38,37625.17,34.0
1312,2024-02-06,East,Electronics,50.38,55607.53,31.0
1313,2024-03-15,East,Groceries,41.28,74121.53,33.0
1314,2024-03-10,West,Groceries,27.32,75412.44,25.0
1315,2024-05-25,South,Electronics,444.91,82183.96,36.0
1316,2024-05-07,West,Groceries,44.53,61540.72,52.0
1317,2024-03-25,East,Toys,51.27,59160.39,33.0
1318,2024-02-11,West,Electronics,43.42,,47.0
1319,2024-04-09,West,Electronics,22.86,75973.14,41.0
1320,2024-02-10,South,Home Goods,53.02,53095.29,38.0
1321,2024-06-14,South,Electronics,74.44,60509.11,49.0
1322,2024-02-03,West,Groceries,48.28,59507.56,23.0
1323,2024-01-17,East,Electronics,41.31,24080.22,30.0
1324,2024-06-13,West,Clothing,49.09,47828.16,57.0
1325,2024-06-01,North,Groceries,33.43,,59.0
1326,2024-05-01,East,Groceries,32.47,59271.21,48.0
1327,2024-03-16,West,Home Goods,56.77,66927.34,31.0
1328,2024-03-27,south,Home Goods,64.85,71757.7,26.0
1329,2024-04-26,South,Home Goods,47.79,47651.39,58.0
1330,2024-04-15,West,Groceries,20.39,,46.0
1331,2024-03-26,East,Electronics,55.3,57882.19,52.0
1332,2024-01-27,North,Clothing,81.01,71602.48,52.0
1333,2024-02-26,East,Electronics,46.34,56488.53,41.0
1334,2024-01-31,East,Home Goods,47.33,33283.54,29.0
1335,2024-05-13,West,Clothing,36.91,,49.0
1336,2024-06-16,SOUTH ,Groceries,57.22,70999.06,49.0
1337,2024-04-07,South,Electronics,542.83,80355.29,39.0
1338,2024-01-12,North,Home Goods,65.32,64208.64,32.0
1339,2024-02-22,East,Home Goods,40.14,37710.05,30.0
1340,2024-05-17,South,Clothing,55.13,53904.44,63.0
1341,2024-06-21,West,Home Goods,49.3,67125.86,40.0
1342,2024-05-24,South,Electronics,542.53,72993.22,50.0
1343,2024-06-02,West,Clothing,56.14,67606.07,44.0
1344,2024-05-01,West,Home Goods,70.81,56225.89,48.0
1345,2024-02-15,East,Clothing,51.63,72877.73,28.0
1346,2024-03-04,West,Toys,47.44,50391.52,41.0
1347,2024-05-09,West,Electronics,49.43,62769.74,47.0
1348,2024-02-23,East,Electronics,38.43,71246.81,33.0
1349,2024-04-16,North,Toys,57.98,,51.0
1350,2024-02-20,East,Electronics,39.64,68986.42,46.0
1351,2024-02-05,East,Toys,51.69,68608.72,43.0
1352,2024-04-24,West,Toys,62.83,44269.59,61.0
1353,2024-01-26,East,Electronics,73.75,60263.36,28.0
1354,2024-01-29,West,Clothing,52.44,,24.0
1355,2024-05-28,East,Electronics,62.92,55657.89,65.0
1356,2024-01-11,North,Clothing,61.13,42467.4,36.0
1357,2024-02-09,West,Electronics,44.26,65174.5,38.0
1358,2024-01-11,East,Electronics,81.62,30522.72,47.0
1359,2024-06-12,South,Clothing,41.36,69259.22,55.0
1360,2024-04-22,East,Clothing,51.36,60230.22,42.0
1361,2024-02-08,North,Toys,71.81,88532.39,42.0
1362,2024-02-23,East,Home Goods,71.44,56931.0,29.0
1363,2024-04-07,East,Groceries,50.21,56926.55,19.0
1364,2024-02-24,East,Clothing,64.86,70237.98,49.0
1365,2024-04-20,West,Home Goods,46.64,57802.61,49.0
1366,2024-05-31,East,Clothing,42.67,64122.49,52.0
1367,2024-05-29,South,Groceries,31.81,,47.0
1368,2024-03-09,East,Toys,60.86,55987.28,29.0
1369,2024-02-25,south,Clothing,62.44,,46.0
1370,2024-02-02,North,Groceries,41.48,34812.99,39.0
1371,2024-02-05,South,Home Goods,54.02,84052.2,32.0
1372,2024-05-27,North,Toys,89.76,33177.51,48.0
1373,2024-03-21,North,Groceries,67.2,80282.81,38.0
1374,2024-04-18,West,Electronics,36.48,32003.06,49.0
1375,2024-06-02,West,Clothing,65.02,89708.76,56.0
1376,2024-03-13,South,Electronics,36.55,62413.14,48.0
1377,2024-02-09,East,Home Goods,6.57,45826.74,36.0
1378,2024-01-17,South,Electronics,478.44,87976.8,47.0
1379,2024-05-08,West,Home Goods,73.45,43666.95,54.0
1380,2024-03-01,West,Electronics,70.96,56589.69,55.0
1381,2024-06-19,South,Electronics,709.59,99070.68,45.0
1382,2024-04-13,West,Clothing,41.87,65933.07,40.0
1383,2024-02-11,West,Groceries,57.3,29609.78,29.0
1384,2024-01-25,South,Electronics,344.84,55900.62,27.0
1385,2024-02-08,South,Clothing,42.3,54573.61,34.0
1386,2024-02-04,East,Clothing,65.93,62827.75,47.0
1387,2024-05-10,West,Electronics,42.11,59333.36,55.0
1388,2024-04-17,West,Electronics,66.91,68187.76,64.0
1389,2024-06-20,West,Home Goods,41.12,37079.19,38.0
1390,2024-06-27,West,Clothing,80.88,51781.45,47.0
1391,2024-04-11,East,Electronics,25.39,64677.65,42.0
1392,2024-04-07,West,Home Goods,35.65,48567.87,21.0
1393,2024-01-12,West,Toys,47.67,76439.15,46.0
1394,2024-01-19,South,Groceries,20.24,48867.95,36.0
1395,2024-04-10,East,Clothing,11.44,62149.94,24.0
1396,2024-02-13,West,Home Goods,20.37,58425.65,35.0
1397,2024-02-18,North,Toys,45.62,44779.79,15.0
1398,2024-01-17,West,Home Goods,46.0,60907.36,41.0
1399,2024-03-14,North,Clothing,54.99,40321.02,34.0
1400,2024-02-26,East,Groceries,47.04,53345.83,22.0
1401,2024-02-24,West,Groceries,54.49,60454.11,32.0
1402,2024-02-16,South,Electronics,43.25,38589.93,28.0
1403,2024-01-12,South,Clothing,60.72,69352.52,29.0
1404,2024-03-02,East,Home Goods,58.91,63905.62,12.0
1405,2024-03-20,West,Groceries,45.1,67980.01,18.0
1406,2024-03-23,North,Clothing,58.0,60037.04,33.0
1407,2024-01-08,West,Groceries,47.14,,31.0
1408,2024-05-28,North,Electronics,27.17,59998.91,46.0
1409,2024-03-21,West,Clothing,63.57,69346.46,29.0
1410,2024-04-27,West,Home Goods,36.4,42145.37,51.0
1411,2024-01-25,East,Electronics,63.41,,30.0
1412,2024-03-29,East,Electronics,54.86,56308.73,33.0
1413,2024-01-12,East,Toys,48.73,54430.06,36.0
1414,2024-05-22,East,Electronics,21.85,59757.54,35.0
1415,2024-02-28,North,Electronics,73.1,55624.53,41.0
1416,2024-06-02,North,Toys,44.55,62399.99,61.0
1417,2024-04-18,North,Groceries,59.52,78327.27,50.0
1418,2024-01-26,East,Groceries,48.29,,39.0
1419,2024-02-16,South,Home Goods,45.93,60842.27,35.0
1420,2024-02-01,East,Electronics,52.89,43399.33,45.0
1421,2024-01-10,West,Groceries,50.4,49170.2,37.0
1422,2024-01-16,South,Clothing,46.0,72626.01,28.0
1423,2024-05-24,East,Home Goods,49.17,52972.72,52.0
1424,2024-05-30,East,Clothing,56.41,,51.0
1425,2024-01-26,West,Groceries,57.47,91470.5,24.0
1426,2024-03-26,West,Clothing,50.65,82866.89,47.0
1427,2024-05-14,West,Clothing,59.31,58133.2,46.0
1428,2024-01-14,West,Home Goods,43.64,43760.03,36.0
1429,2024-03-19,North,Groceries,83.37,70850.38,22.0
1430,2024-04-26,West,Groceries,72.28,52648.98,56.0
1431,2024-01-07,West,Clothing,61.44,,51.0
1432,2024-05-16,South,Clothing,20.88,,50.0
1433,2024-04-24,West,Groceries,59.09,84680.93,33.0
1434,2024-06-24,North,Home Goods,44.95,52218.88,49.0
1435,2024-03-12,East,Groceries,35.32,95471.0,40.0
1436,2024-02-28,South,Toys,507.93,62925.87,30.0
1437,2024-03-22,East,Home Goods,36.98,80764.58,44.0
1438,2024-04-25,West,Groceries,57.6,,48.0
1439,2024-06-15,East,Groceries,74.24,,56.0
1440,2024-05-25,East,Toys,62.39,25406.66,72.0
1441,2024-04-12,South,Groceries,91.44,79149.06,39.0
1442,2024-01-17,West,Home Goods,26.7,61020.21,47.0
1443,2024-01-14,North,Groceries,42.41,41286.37,37.0
1444,2024-06-07,East,Groceries,35.85,79773.05,53.0
1445,2024-05-31,West,Electronics,68.44,77339.91,67.0
1446,2024-04-17,West,Clothing,46.69,80735.79,45.0
1447,2024-02-14,East,Toys,52.84,39903.21,40.0
1448,2024-04-07,West,Groceries,59.51,78696.17,22.0
1449,2024-05-10,West,Groceries,28.18,65760.63,45.0
1450,2024-02-06,West,Toys,40.68,81414.35,46.0
1451,2024-06-19,East,Groceries,64.96,68140.97,48.0
1452,2024-06-16,South,Clothing,41.78,62595.23,53.0
1453,2024-04-17,South,Home Goods,24.3,,45.0
1454,2024-02-08,South,Groceries,36.47,72778.49,22.0
1455,2024-01-15,East,Electronics,45.71,76226.48,33.0
1456,2024-04-29,North,Clothing,52.5,52679.29,37.0
1457,2024-01-04,East,Clothing,48.94,57413.86,7.0
1458,2024-04-02,South,Clothing,40.79,33992.8,33.0
1459,2024-06-01,South,Clothing,64.09,51598.14,50.0
1460,2024-05-20,West,Clothing,48.06,71855.9,41.0
1461,2024-06-09,East,Electronics,53.14,68462.82,59.0
1462,2024-01-16,North,Clothing,41.59,45307.02,17.0
1463,2024-06-18,West,Electronics,72.63,79235.18,55.0
1464,2024-04-17,North,Groceries,44.13,104596.13,44.0
1465,2024-05-05,West,Home Goods,51.12,46459.13,54.0
1466,2024-02-24,West,Groceries,65.52,56911.77,36.0
1467,2024-06-18,South,Clothing,54.2,50676.07,46.0
1468,2024-02-03,West,Electronics,53.83,58576.71,45.0
1469,2024-06-06,East,Electronics,20.4,,50.0
1470,2024-01-13,East,Clothing,60.21,49540.01,35.0
1471,2024-05-20,North,Electronics,50.83,55846.2,50.0
1472,2024-01-18,South,Clothing,58.12,,12.0
1473,2024-06-08,West,Electronics,52.75,67074.03,47.0
1474,2024-04-05,South,Home Goods,41.61,81997.39,32.0
1475,2024-05-02,East,Clothing,63.41,59782.82,57.0
1476,2024-02-08,East,Electronics,52.97,,42.0
1477,2024-02-15,East,Home Goods,30.66,70445.09,31.0
1478,2024-01-29,North,Clothing,69.63,66002.59,36.0
1479,2024-03-02,South,Electronics,28.54,57107.59,44.0
1480,2024-01-16,West,Groceries,63.51,67275.25,40.0
1481,2024-04-30,South,Groceries,72.3,54252.77,41.0
1482,2024-01-10,South,Groceries,33.41,52044.24,27.0
1483,2024-06-06,North,Electronics,48.16,,54.0
1484,2024-06-01,East,Clothing,46.76,55081.15,52.0
1485,2024-04-12,West,Electronics,47.44,33562.16,37.0
1486,2024-03-24,North,Electronics,77.45,50408.94,29.0
1487,2024-05-12,North,Home Goods,33.58,68692.21,39.0
1488,2024-03-05,South,Groceries,45.4,37422.45,37.0
1489,2024-06-25,West,Clothing,72.55,,44.0
1490,2024-01-03,south,Groceries,45.16,60982.11,36.0
1491,2024-06-21,East,Electronics,35.96,56421.09,41.0
1492,2024-05-21,West,Home Goods,53.95,52779.98,47.0
1493,2024-04-29,East,Electronics,62.08,64880.83,50.0
1494,2024-06-06,West,Electronics,44.11,66961.49,43.0
1495,2024-03-08,West,Clothing,58.32,60022.89,50.0
1496,2024-05-25,South,Groceries,29.35,53613.59,58.0
1497,2024-02-06,South,Groceries,30.18,72971.04,19.0
1498,2024-06-01,North,Electronics,43.4,40338.9,58.0
1499,2024-06-24,South,Clothing,58.85,70310.68,60.0
1500,2024-03-13,West,Clothing,61.42,66295.42,33.0
1501,2024-05-22,East,Electronics,32.27,62985.4,28.0
1502,2024-02-18,South,Home Goods,60.87,59851.57,35.0
1503,2024-04-30,West,Electronics,52.5,31650.47,66.0
1504,2024-03-28,East,Clothing,36.81,80810.29,48.0
1505,2024-05-19,North,Groceries,29.99,,51.0
1506,2024-02-06,South,Electronics,625.45,45579.15,37.0
1507,2024-03-01,East,Groceries,69.34,71382.15,39.0
1508,2024-06-19,West,Home Goods,50.53,62832.6,50.0
1509,2024-05-03,North,Electronics,35.98,,49.0
1510,2024-02-08,South,Toys,478.41,77876.91,37.0
1511,2024-03-03,East,Groceries,72.94,53537.41,39.0
1512,2024-02-15,South,Electronics,644.21,80341.9,19.0
1513,2024-03-28,East,Clothing,54.53,,32.0
1514,2024-01-11,East,Clothing,72.17,74348.38,35.0
1515,2024-03-02,South,Groceries,53.36,68686.28,36.0
1516,2024-03-17,West,Home Goods,42.03,67990.96,36.0
1517,2024-06-01,East,Home Goods,58.33,63228.46,39.0
1518,2024-02-21,North,Toys,37.55,49097.72,54.0
1519,2024-01-04,East,Home Goods,35.07,60937.89,29.0
1520,2024-02-28,West,Groceries,61.57,73745.86,39.0
1521,2024-03-12,West,Clothing,62.84,70788.9,48.0
1522,2024-05-27,North,Clothing,30.89,67518.8,53.0
1523,2024-04-02,West,Electronics,31.45,28563.7,38.0
1524,2024-03-03,East,Groceries,43.32,56801.64,18.0
1525,2024-02-23,North,Clothing,39.33,55225.66,57.0
1526,2024-04-26,North,Electronics,57.15,43451.14,63.0
1527,2024-04-19,North,Electronics,50.72,73556.36,51.0
1528,2024-03-14,West,Clothing,67.47,29620.37,16.0
1529,2024-04-16,North,Groceries,54.76,72549.54,41.0
1530,2024-02-26,North,Clothing,40.33,,30.0
1531,2024-06-17,West,Groceries,21.63,56852.37,38.0
1532,2024-01-03,South,Clothing,52.69,58884.92,42.0
1533,2024-04-29,North,Groceries,24.35,74513.39,48.0
1534,2024-01-06,North,Electronics,40.15,48545.18,40.0
1535,2024-01-05,North,Electronics,39.17,69911.65,20.0
1536,2024-01-05,South,Groceries,42.37,,19.0
1537,2024-02-23,East,Clothing,30.26,41738.37,40.0
1538,2024-02-16,North,Electronics,39.12,,42.0
1539,2024-06-25,North,Clothing,67.19,59599.7,44.0
1540,2024-01-09,West,Electronics,67.15,34184.94,54.0
1541,2024-04-08,East,Clothing,72.99,81229.66,39.0
1542,2024-01-20,East,Clothing,50.15,53779.24,37.0
1543,2024-05-01,East,Groceries,54.07,67660.2,56.0
1544,2024-03-01,South,Home Goods,67.41,84077.75,44.0
1545,2024-05-02,East,Electronics,27.94,63714.07,61.0
1546,2024-06-11,East,Toys,62.08,,54.0
1547,2024-06-26,South,Clothing,69.54,47054.19,49.0
1548,2024-03-22,West,Groceries,36.67,81314.78,63.0
1549,2024-03-02,North,Groceries,70.74,47612.03,39.0
1550,2024-05-24,West,Groceries,80.87,,49.0
1551,2024-01-03,North,Clothing,61.67,,32.0
1552,2024-06-08,West,Clothing,58.92,64026.37,51.0
1553,2024-01-13,East,Electronics,33.2,69463.91,24.0
1554,2024-04-29,West,Electronics,66.04,71502.13,41.0
1555,2024-05-04,North,Clothing,34.62,38526.21,55.0
1556,2024-03-29,East,Clothing,55.55,65624.64,35.0
1557,2024-03-13,East,Clothing,57.07,,24.0
1558,2024-03-08,West,Electronics,0.56,69221.58,26.0
1559,2024-05-21,East,Groceries,56.09,48409.07,41.0
1560,2024-04-10,East,Home Goods,89.32,22420.44,24.0
1561,2024-04-07,East,Toys,18.62,70597.18,39.0
1562,2024-01-11,South,Clothing,49.19,57812.56,24.0
1563,2024-04-14,East,Groceries,20.79,64203.62,38.0
1564,2024-03-07,North,Home Goods,36.59,58580.89,23.0
1565,2024-05-02,West,Clothing,21.05,63517.53,59.0
1566,2024-01-29,West,Clothing,52.39,71056.79,11.0
1567,2024-05-16,West,Toys,61.9,32144.67,47.0
1568,2024-06-01,South,Clothing,56.15,77115.3,57.0
1569,2024-03-16,West,Clothing,36.05,57267.86,49.0
1570,2024-06-18,West,Electronics,40.86,84406.11,38.0
1571,2024-01-09,East,Electronics,54.08,,15.0
1572,2024-02-09,East,Home Goods,36.52,49776.03,43.0
1573,2024-01-25,South,Groceries,30.07,,37.0
1574,2024-01-05,West,Clothing,46.41,67499.81,31.0
1575,2024-05-18,East,Electronics,35.83,55884.71,57.0
1576,2024-05-03,North,Groceries,56.17,68587.7,61.0
1577,2024-02-07,South,Groceries,69.48,54193.11,55.0
1578,2024-03-12,West,Electronics,88.96,60523.38,21.0
1579,2024-05-12,West,Home Goods,55.07,93548.29,40.0
1580,2024-06-24,West,Electronics,59.69,65359.0,49.0
1581,2024-03-30,East,Clothing,41.01,66562.44,32.0
1582,2024-05-25,South,Groceries,41.94,37911.45,53.0
1583,2024-02-06,North,Electronics,69.26,80314.31,29.0
1584,2024-02-29,North,Home Goods,45.86,75996.98,29.0
1585,2024-06-24,North,Groceries,51.09,49283.26,53.0
1586,2024-01-28,South,Home Goods,68.34,75700.89,43.0
1587,2024-03-21,North,Electronics,45.97,,13.0
1588,2024-04-23,East,Electronics,72.51,60696.24,47.0
1589,2024-02-09,West,Electronics,58.6,79364.33,28.0
1590,2024-02-14,East,Clothing,56.83,52315.52,34.0
1591,2024-03-02,West,Groceries,40.28,49164.67,49.0
1592,2024-04-02,East,Home Goods,57.64,63113.45,33.0
1593,2024-04-24,South,Groceries,43.56,67923.43,46.0
1594,2024-03-07,South,Toys,406.36,74494.74,20.0
1595,2024-02-25,North,Groceries,48.47,57735.71,35.0
1596,2024-02-09,South,Clothing,64.5,47253.43,32.0
1597,2024-04-07,East,Electronics,49.52,97928.52,36.0
1598,2024-02-09,North,Groceries,80.57,43701.08,31.0
1599,2024-03-31,South,Electronics,45.87,60826.77,47.0
1600,2024-02-02,South,Electronics,41.98,71695.58,35.0
1601,2024-01-06,West,Clothing,55.19,,17.0
1602,2024-05-26,West,Home Goods,66.17,51492.6,52.0
1603,2024-03-20,West,Electronics,66.05,,54.0
1604,2024-06-16,North,Home Goods,52.5,51146.02,53.0
1605,2024-04-01,West,Home Goods,55.09,,37.0
1606,2024-04-06,West,Clothing,55.11,69562.45,27.0
1607,2024-02-28,East,Electronics,33.83,70051.84,33.0
1608,2024-02-28,West,Electronics,65.36,70674.96,40.0
1609,2024-02-17,South,Groceries,31.13,80101.26,46.0
1610,2024-06-17,West,Groceries,33.86,48361.67,45.0
1611,2024-01-13,West,Home Goods,50.83,42031.53,53.0
1612,2024-04-16,North,Groceries,45.2,65557.2,43.0
1613,2024-02-14,East,Electronics,61.94,44272.13,24.0
1614,2024-03-29,West,Electronics,56.71,41086.27,24.0
1615,2024-06-18,North,Groceries,52.07,78359.4,60.0
1616,2024-04-09,East,Electronics,33.12,63755.4,45.0
1617,2024-06-03,West,Clothing,50.4,60427.4,51.0
1618,2024-06-14,East,Clothing,49.21,60739.11,32.0
1619,2024-01-07,North,Electronics,53.33,58407.91,33.0
1620,2024-05-12,East,Electronics,43.55,78258.61,60.0
1621,2024-02-14,South,Clothing,57.84,37280.76,21.0
1622,2024-02-27,East,Electronics,44.8,36659.65,27.0
1623,2024-01-31,North,Electronics,56.44,,25.0
1624,2024-01-23,East,Groceries,61.94,,21.0
1625,2024-06-18,East,Home Goods,41.98,87080.16,45.0
1626,2024-05-17,West,Electronics,38.42,73036.26,51.0
1627,2024-06-08,East,Home Goods,57.15,68886.64,53.0
1628,2024-04-16,East,Clothing,30.18,58802.0,38.0
1629,2024-06-06,East,Clothing,66.67,,48.0
1630,2024-02-08,North,Home Goods,50.16,67724.85,40.0
1631,2024-06-07,East,Groceries,48.28,90389.51,61.0
1632,2024-03-22,North,Home Goods,58.19,56399.14,24.0
1633,2024-04-09,West,Electronics,57.26,51589.9,34.0
1634,2024-01-02,North,Electronics,50.1,,38.0
1635,2024-03-17,East,Home Goods,63.18,68996.27,15.0
1636,2024-01-12,East,Clothing,39.91,61675.95,49.0
1637,2024-02-08,East,Electronics,60.69,73650.21,23.0
1638,2024-01-13,North,Groceries,33.82,59498.24,31.0
1639,2024-02-15,East,Home Goods,57.66,56384.83,47.0
1640,2024-06-03,SOUTH ,Home Goods,45.08,63435.09,59.0
1641,2024-04-22,West,Clothing,30.33,,48.0
1642,2024-01-17,South,Home Goods,53.85,86111.47,51.0
1643,2024-04-13,East,Electronics,49.48,72346.72,20.0
1644,2024-04-07,East,Electronics,26.86,43504.52,44.0
1645,2024-03-28,East,Groceries,18.3,48813.61,48.0
1646,2024-04-18,East,Electronics,47.72,68480.06,56.0
1647,2024-06-11,East,Clothing,74.27,62749.76,57.0
1648,2024-03-10,South,Groceries,54.82,64537.68,16.0
1649,2024-06-06,North,Clothing,39.98,57118.09,56.0
1650,2024-03-14,North,Electronics,66.23,66827.6,10.0
1651,2024-03-03,North,Electronics,63.61,57470.91,45.0
1652,2024-06-04,East,Clothing,69.07,68450.69,41.0
1653,2024-02-29,East,Clothing,60.26,71595.42,49.0
1654,2024-03-19,South,Home Goods,63.29,84101.11,39.0
1655,2024-02-06,West,Home Goods,60.97,52279.51,45.0
1656,2024-01-22,North,Clothing,42.84,59833.22,27.0
1657,2024-05-27,West,Home Goods,25.44,41715.28,63.0
1658,2024-04-05,East,Electronics,42.18,87393.92,17.0
1659,2024-03-08,South,Electronics,625.01,30367.68,46.0
1660,2024-01-17,North,Home Goods,44.28,85243.04,42.0
1661,2024-01-12,East,Clothing,47.82,61402.04,42.0
1662,2024-05-29,South,Toys,424.62,66276.42,46.0
1663,2024-05-24,West,Clothing,41.73,57514.96,51.0
1664,2024-05-17,East,Home Goods,49.86,60466.51,47.0
1665,2024-04-27,West,Clothing,57.39,68821.27,52.0
1666,2024-01-22,South,Clothing,43.12,35450.29,26.0
1667,2024-04-29,West,Clothing,42.07,50218.11,43.0
1668,2024-02-19,East,Groceries,62.63,47324.14,65.0
1669,2024-01-14,West,Clothing,54.88,,35.0
1670,2024-06-23,South,Toys,324.5,,48.0
1671,2024-01-29,East,Electronics,72.92,69271.44,31.0
1672,2024-06-12,East,Electronics,42.42,62471.63,51.0
1673,2024-06-28,West,Clothing,49.26,75878.83,60.0
1674,2024-05-04,South,Groceries,58.27,48895.89,59.0
1675,2024-01-07,West,Home Goods,36.93,60872.34,33.0
1676,2024-01-29,North,Clothing,53.44,76640.45,28.0
1677,2024-05-18,West,Groceries,50.33,73639.89,59.0
1678,2024-02-02,West,Clothing,91.66,37805.33,29.0
1679,2024-05-13,West,Groceries,51.5,44683.34,57.0
1680,2024-04-20,East,Home Goods,67.35,58773.14,65.0
1681,2024-03-19,East,Electronics,62.45,56477.45,23.0
1682,2024-06-08,West,Clothing,32.65,59018.6,48.0
1683,2024-06-27,South,Toys,602.57,71942.85,49.0
1684,2024-02-27,East,Home Goods,53.71,,33.0
1685,2024-01-26,East,Groceries,68.86,65215.36,37.0
1686,2024-06-22,West,Clothing,54.32,70059.2,48.0
1687,2024-01-29,South,Electronics,51.18,76112.61,17.0
1688,2024-01-04,East,Clothing,45.74,14159.82,35.0
1689,2024-04-08,West,Home Goods,30.14,54200.6,50.0
1690,2024-05-20,North,Groceries,35.59,,50.0
1691,2024-02-08,West,Electronics,25.67,67129.74,41.0
1692,2024-01-15,North,Electronics,33.45,53068.44,46.0
1693,2024-04-28,South,Electronics,523.57,61137.92,39.0
1694,2024-01-29,North,Electronics,61.64,72782.15,24.0
1695,2024-06-05,North,Electronics,43.32,50955.21,52.0
1696,2024-03-15,West,Clothing,53.83,,32.0
1697,2024-04-25,South,Electronics,52.03,83307.42,54.0
1698,2024-02-01,East,Electronics,57.49,72474.23,12.0
1699,2024-05-09,South,Clothing,34.48,36213.34,48.0
1700,2024-06-23,East,Electronics,65.89,55623.8,36.0
1701,2024-03-24,East,Electronics,28.89,65337.25,30.0
1702,2024-01-22,South,Clothing,43.28,68291.76,39.0
1703,2024-01-27,South,Electronics,49.69,56214.76,44.0
1704,2024-03-21,West,Clothing,61.4,50403.17,45.0
1705,2024-05-05,South,Electronics,70.69,61016.44,50.0
1706,2024-04-01,East,Home Goods,61.52,,38.0
1707,2024-01-21,South,Toys,447.09,76496.01,38.0
1708,2024-02-16,West,Groceries,37.56,88030.21,47.0
1709,2024-04-10,South,Clothing,67.86,65920.41,39.0
1710,2024-03-24,East,Home Goods,65.28,56513.42,41.0
1711,2024-01-06,South,Groceries,14.06,74113.51,44.0
1712,2024-05-26,West,Electronics,46.69,71578.94,40.0
1713,2024-05-10,South,Clothing,59.03,55866.89,53.0
1714,2024-01-01,West,Home Goods,N/A,59282.35,51.0
1715,2024-02-27,East,Clothing,33.71,50856.98,60.0
1716,2024-05-03,South,Electronics,482.68,,51.0
1717,2024-06-14,West,Groceries,51.67,,52.0
1718,2024-01-15,South,Home Goods,52.08,48298.01,31.0
1719,2024-06-10,West,Electronics,30.37,43879.85,42.0
1720,2024-06-11,West,Clothing,40.81,40109.77,60.0
1721,2024-03-04,West,Electronics,36.53,66248.02,30.0
1722,2024-01-25,North,Groceries,66.18,59827.76,32.0
1723,2024-01-24,West,Electronics,57.57,58746.39,31.0
1724,2024-01-12,East,Clothing,41.44,,31.0
1725,2024-01-18,West,Home Goods,58.41,46485.57,30.0
1726,2024-01-15,East,Clothing,46.2,43946.21,43.0
1727,2024-01-27,West,Groceries,53.52,,40.0
1728,2024-03-12,East,Clothing,53.45,34069.82,52.0
1729,2024-02-29,East,Electronics,56.3,56115.23,43.0
1730,2024-06-22,North,Groceries,54.49,96996.7,51.0
1731,2024-05-24,West,Electronics,56.32,39771.94,43.0
1732,2024-04-02,East,Clothing,68.84,53553.86,32.0
1733,2024-02-22,East,Electronics,59.61,28156.61,38.0
1734,2024-01-08,West,Groceries,44.95,56494.08,46.0
1735,2024-03-19,East,Toys,48.53,89498.05,37.0
1736,2024-01-27,SOUTH ,Toys,68.45,67003.76,37.0
1737,2024-06-22,East,Clothing,51.69,50793.31,55.0
1738,2024-02-19,East,Electronics,44.39,92721.16,43.0
1739,2024-05-10,East,Clothing,40.53,33864.71,51.0
1740,2024-04-02,North,Home Goods,54.1,,20.0
1741,2024-06-20,South,Electronics,37.18,60973.69,65.0
1742,2024-01-24,South,Toys,69.27,56294.63,39.0
1743,2024-02-29,West,Clothing,34.43,,48.0
1744,2024-05-01,North,Toys,72.17,42270.31,46.0
1745,2024-05-10,East,Home Goods,45.72,64689.34,40.0
1746,2024-05-27,West,Home Goods,33.85,62784.87,52.0
1747,2024-02-15,North,Clothing,52.84,46934.81,20.0
1748,2024-01-15,East,Electronics,35.7,89249.93,34.0
1749,2024-06-01,SOUTH ,Clothing,50.52,,58.0
1750,2024-01-17,West,Clothing,41.34,,56.0
1751,2024-05-05,West,Electronics,64.18,44584.84,69.0
1752,2024-03-24,West,Clothing,52.05,57549.89,32.0
1753,2024-01-09,West,Clothing,32.17,95021.32,48.0
1754,2024-06-14,East,Groceries,41.04,56209.32,77.0
1755,2024-06-24,West,Groceries,60.57,67780.53,38.0
1756,2024-03-03,North,Electronics,69.31,74258.22,29.0
1757,2024-04-26,West,Toys,49.32,57278.97,49.0
1758,2024-05-09,East,Electronics,34.33,,40.0
1759,2024-03-28,East,Clothing,65.81,67083.96,32.0
1760,2024-03-12,South,Clothing,60.51,56381.12,40.0
1761,2024-05-18,West,Home Goods,69.6,55022.32,48.0
1762,2024-03-04,North,Electronics,54.35,74098.35,31.0
1763,2024-03-12,West,Clothing,42.19,,49.0
1764,2024-01-21,West,Groceries,57.75,78198.6,42.0
1765,2024-01-18,South,Electronics,54.89,,42.0
1766,2024-03-04,West,Groceries,41.38,40242.07,26.0
1767,2024-03-22,south,Toys,52.98,8613.07,53.0
1768,2024-04-19,East,Toys,47.07,32427.77,70.0
1769,2024-04-04,South,Electronics,61.15,35010.59,32.0
1770,2024-06-14,South,Electronics,547.5,63998.07,43.0
1771,2024-02-01,South,Clothing,34.23,45430.01,32.0
1772,2024-01-11,South,Clothing,32.71,30388.03,25.0
1773,2024-02-14,West,Electronics,48.65,,45.0
1774,2024-02-02,North,Electronics,50.49,43772.58,26.0
1775,2024-04-11,West,Toys,61.41,66946.49,38.0
1776,2024-06-17,South,Toys,57.7,66574.03,50.0
1777,2024-05-15,East,Electronics,71.88,68161.29,45.0
1778,2024-01-11,West,Clothing,42.99,,43.0
1779,2024-06-27,West,Clothing,42.14,60681.14,42.0
1780,2024-03-28,South,Electronics,35.6,58178.96,35.0
1781,2024-02-10,East,Groceries,61.24,41675.34,21.0
1782,2024-05-24,East,Groceries,50.33,27938.54,64.0
1783,2024-03-16,North,Home Goods,22.2,58369.73,46.0
1784,2024-04-30,South,Groceries,53.03,75961.74,38.0
1785,2024-02-15,East,Clothing,53.99,21273.64,26.0
1786,2024-06-08,East,Groceries,47.83,47512.19,49.0
1787,2024-03-20,West,Electronics,54.45,61973.03,35.0
1788,2024-02-23,South,Groceries,31.7,,28.0
1789,2024-03-26,East,Clothing,74.62,55314.43,24.0
1790,2024-04-01,East,Electronics,55.7,88965.04,39.0
1791,2024-05-27,West,Electronics,23.39,33070.4,51.0
1792,2024-06-09,West,Electronics,49.91,29745.93,50.0
1793,2024-06-16,East,Toys,56.1,75265.73,47.0
1794,2024-06-08,West,Electronics,33.31,,63.0
1795,2024-04-06,South,Electronics,58.0,66922.99,24.0
1796,2024-01-02,East,Clothing,75.21,55582.01,28.0
1797,2024-02-02,South,Groceries,40.33,46484.99,46.0
1798,2024-06-06,East,Electronics,56.43,53599.99,33.0
1799,2024-06-09,West,Toys,53.13,,53.0
1800,2024-03-17,West,Home Goods,64.52,55224.99,35.0
1801,2024-04-25,North,Groceries,48.37,60261.29,54.0
1802,2024-06-02,East,Groceries,34.0,53756.67,52.0
1803,2024-05-29,East,Electronics,63.56,51225.96,43.0
1804,2024-04-12,North,Clothing,34.89,63812.05,30.0
1805,2024-06-14,South,Home Goods,77.13,84893.58,60.0
1806,2024-04-12,South,Electronics,58.41,56006.95,48.0
1807,2024-03-30,North,Electronics,41.02,72299.86,45.0
1808,2024-06-22,South,Groceries,66.63,45507.35,59.0
1809,2024-05-01,South,Electronics,768.21,39988.78,43.0
1810,2024-05-22,South,Toys,46.68,,40.0
1811,2024-04-15,West,Electronics,39.79,56496.98,39.0
1812,2024-04-28,East,Home Goods,21.83,76942.46,52.0
1813,2024-06-20,West,Clothing,59.07,79881.35,50.0
1814,2024-02-18,East,Home Goods,25.58,72586.27,43.0
1815,2024-04-13,West,Clothing,38.1,72260.37,41.0
1816,2024-03-01,West,Clothing,56.49,8619.55,46.0
1817,2024-05-02,East,Home Goods,42.49,66667.84,47.0
1818,2024-05-13,East,Clothing,52.36,72943.2,67.0
1819,2024-01-09,West,Clothing,31.79,40923.26,12.0
1820,2024-01-06,South,Clothing,44.77,60131.59,37.0
1821,2024-03-13,South,Groceries,52.45,44359.08,26.0
1822,2024-04-12,East,Clothing,35.73,75412.66,46.0
1823,2024-06-08,East,Toys,75.3,45660.03,46.0
1824,2024-02-10,North,Electronics,40.44,48107.07,50.0
1825,2024-04-23,West,Clothing,70.68,53039.25,51.0
1826,2024-01-08,East,Home Goods,47.48,93741.15,24.0
1827,2024-03-12,East,Groceries,26.47,,39.0
1828,2024-06-26,West,Home Goods,32.95,,48.0
1829,2024-04-01,East,Toys,52.64,32803.2,53.0
1830,2024-03-02,West,Clothing,65.49,40960.58,49.0
1831,2024-03-24,East,Electronics,76.55,80078.69,30.0
1832,2024-03-02,North,Electronics,51.92,33597.58,45.0
1833,2024-04-20,West,Groceries,32.34,,66.0
1834,2024-05-06,East,Home Goods,54.18,90830.12,34.0
1835,2024-01-07,West,Electronics,37.62,45548.03,42.0
1836,2024-03-24,West,Electronics,55.88,,50.0
1837,2024-05-11,West,Electronics,35.88,60712.12,48.0
1838,2024-05-13,East,Home Goods,18.66,,55.0
1839,2024-02-27,West,Clothing,69.75,78558.75,38.0
1840,2024-01-22,East,Clothing,46.6,46577.12,26.0
1841,2024-06-02,East,Clothing,50.74,,48.0
1842,2024-05-06,West,Home Goods,64.95,60440.74,40.0
1843,2024-01-03,South,Groceries,78.18,53933.43,29.0
1844,2024-05-06,West,Groceries,N/A,63785.24,51.0
1845,2024-02-10,West,Electronics,51.55,67822.57,37.0
1846,2024-04-15,West,Clothing,56.94,56740.68,37.0
1847,2024-01-14,East,Groceries,45.58,42578.27,33.0
1848,2024-01-12,West,Toys,50.54,70957.62,60.0
1849,2024-03-27,East,Electronics,52.17,49598.85,41.0
1850,2024-01-12,West,Electronics,38.2,,27.0
1851,2024-05-20,South,Electronics,381.27,62139.91,55.0
1852,2024-01-25,North,Clothing,55.51,31070.06,20.0
1853,2024-02-14,South,Home Goods,57.76,65863.14,22.0
1854,2024-05-01,East,Electronics,56.56,62936.43,47.0
1855,2024-05-26,East,Clothing,29.91,76827.29,45.0
1856,2024-02-24,West,Clothing,68.44,52494.12,9.0
1857,2024-04-09,East,Electronics,67.19,79872.47,43.0
1858,2024-06-21,East,Clothing,48.56,,58.0
1859,2024-05-15,North,Electronics,56.83,,42.0
1860,2024-04-28,East,Clothing,46.75,,38.0
1861,2024-02-22,East,Groceries,61.28,61428.19,51.0
1862,2024-02-01,North,Clothing,37.79,52224.49,33.0
1863,2024-02-20,South,Electronics,70.14,61857.6,27.0
1864,2024-02-13,South,Toys,60.53,51915.46,37.0
1865,2024-03-22,North,Groceries,60.88,65604.7,37.0
1866,2024-05-25,East,Home Goods,48.42,79810.31,43.0
1867,2024-05-29,North,Electronics,28.81,59879.94,66.0
1868,2024-02-06,West,Electronics,63.26,,36.0
1869,2024-04-05,West,Electronics,29.31,71967.47,31.0
1870,2024-02-25,East,Electronics,63.44,77808.6,22.0
1871,2024-04-14,West,Clothing,38.42,,22.0
1872,2024-02-28,East,Toys,26.19,62585.04,40.0
1873,2024-05-10,SOUTH ,Clothing,50.01,72033.93,42.0
1874,2024-06-04,West,Electronics,67.74,64949.28,53.0
1875,2024-02-04,South,Groceries,35.52,32068.66,39.0
1876,2024-04-02,West,Electronics,73.99,74740.9,30.0
1877,2024-04-06,North,Groceries,59.85,67843.22,26.0
1878,2024-05-14,East,Groceries,52.35,68909.23,57.0
1879,2024-03-16,North,Home Goods,43.47,42117.74,24.0
1880,2024-02-18,West,Toys,44.51,62285.85,54.0
1881,2024-04-03,East,Electronics,56.45,72650.18,21.0
1882,2024-06-07,West,Clothing,62.69,46791.29,42.0
1883,2024-01-24,South,Toys,575.18,,37.0
1884,2024-05-27,South,Home Goods,37.9,72907.19,42.0
1885,2024-02-06,North,Clothing,46.79,49993.46,50.0
1886,2024-01-04,South,Toys,463.39,56872.37,8.0
1887,2024-04-17,West,Electronics,31.75,44480.72,51.0
1888,2024-05-05,South,Toys,427.44,87299.08,52.0
1889,2024-01-20,West,Electronics,50.63,67809.34,41.0
1890,2024-05-31,West,Clothing,25.21,56169.08,61.0
1891,2024-02-19,South,Home Goods,43.08,53364.37,34.0
1892,2024-06-25,East,Electronics,59.15,41574.53,44.0
1893,2024-06-27,North,Clothing,77.03,58348.5,47.0
1894,2024-04-05,North,Clothing,30.09,,66.0
1895,2024-04-14,North,Toys,7.71,47852.79,41.0
1896,2024-06-12,East,Home Goods,30.36,61583.12,73.0
1897,2024-04-26,East,Groceries,66.96,,36.0
1898,2024-04-07,East,Groceries,23.09,80701.74,26.0
1899,2024-03-06,East,Home Goods,72.46,50449.52,43.0
1900,2024-03-19,South,Clothing,68.22,,16.0
1901,2024-06-10,East,Clothing,52.87,80910.34,34.0
1902,2024-06-12,West,Groceries,40.6,54343.04,39.0
1903,2024-01-06,North,Clothing,50.83,51171.34,44.0
1904,2024-02-08,South,Electronics,59.17,73840.53,39.0
1905,2024-06-18,West,Electronics,56.88,33281.64,59.0
1906,2024-04-24,South,Electronics,542.43,66458.92,46.0
1907,2024-05-04,East,Home Goods,46.1,,46.0
1908,2024-01-12,South,Clothing,30.49,78336.17,46.0
1909,2024-05-10,South,Groceries,27.84,56218.55,42.0
1910,2024-01-18,North,Clothing,24.84,58638.33,52.0
1911,2024-02-09,South,Electronics,52.94,,32.0
1912,2024-01-21,East,Clothing,46.48,,47.0
1913,2024-05-22,East,Home Goods,50.49,78987.91,57.0
1914,2024-04-08,West,Groceries,41.94,57434.14,28.0
1915,2024-01-26,West,Toys,33.35,108131.53,61.0
1916,2024-01-08,East,Groceries,59.22,47847.27,48.0
1917,2024-04-09,West,Groceries,13.05,50299.59,37.0
1918,2024-03-27,South,Groceries,37.98,46541.34,43.0
1919,2024-02-11,East,Toys,61.8,57357.59,24.0
1920,2024-06-20,West,Home Goods,N/A,83628.27,39.0
1921,2024-01-14,South,Electronics,424.6,,46.0
1922,2024-03-18,East,Clothing,38.0,37431.69,35.0
1923,2024-01-02,North,Groceries,43.16,78061.8,33.0
1924,2024-04-28,East,Groceries,58.62,70241.87,45.0
1925,2024-02-06,West,Electronics,30.83,67220.82,37.0
1926,2024-03-09,West,Home Goods,61.18,49736.39,32.0
1927,2024-06-14,West,Toys,50.69,50851.35,43.0
1928,2024-02-10,West,Electronics,68.85,62056.01,49.0
1929,2024-03-02,East,Home Goods,53.12,51702.56,34.0
1930,2024-02-29,East,Electronics,33.96,79689.48,53.0
1931,2024-05-04,North,Electronics,75.92,51060.66,29.0
1932,2024-04-20,East,Electronics,35.21,,46.0
1933,2024-01-14,East,Electronics,46.59,40478.15,32.0
1934,2024-03-24,West,Home Goods,64.36,41430.55,45.0
1935,2024-05-09,East,Electronics,21.8,56049.78,50.0
1936,2024-03-10,East,Electronics,71.6,63240.99,22.0
1937,2024-05-24,East,Electronics,32.74,60807.01,44.0
1938,2024-05-02,East,Electronics,43.18,66913.63,48.0
1939,2024-03-29,West,Electronics,54.33,56215.8,40.0
1940,2024-01-28,South,Groceries,49.37,56746.4,32.0
1941,2024-03-06,East,Electronics,61.84,,39.0
1942,2024-06-11,West,Home Goods,25.99,78080.36,48.0
1943,2024-01-05,East,Home Goods,60.91,66124.51,23.0
1944,2024-06-16,South,Electronics,62.11,73750.06,49.0
1945,2024-06-12,East,Home Goods,65.44,31106.77,42.0
1946,2024-02-14,West,Electronics,26.16,,41.0
1947,2024-05-30,North,Electronics,27.97,53516.95,41.0
1948,2024-02-16,West,Electronics,44.86,47838.51,30.0
1949,2024-01-31,West,Clothing,29.59,36813.94,41.0
1950,2024-05-18,East,Clothing,22.94,66308.16,50.0
1951,2024-01-10,West,Home Goods,44.22,80786.22,41.0
1952,2024-04-27,West,Clothing,53.51,59807.85,38.0
1953,2024-01-14,West,Groceries,91.98,69722.73,37.0
1954,2024-03-20,West,Electronics,58.23,59361.99,39.0
1955,2024-04-02,North,Home Goods,76.28,53375.42,48.0
1956,2024-01-10,South,Electronics,577.92,73787.95,44.0
1957,2024-03-16,East,Electronics,58.39,38577.14,33.0
1958,2024-04-03,South,Electronics,574.25,32048.96,38.0
1959,2024-04-14,East,Electronics,90.25,38365.5,21.0
1960,2024-01-01,West,Clothing,39.72,72803.82,51.0
1961,2024-05-12,West,Home Goods,41.75,61308.17,48.0
1962,2024-01-20,East,Electronics,61.95,65648.07,16.0
1963,2024-01-08,West,Groceries,53.11,85153.84,37.0
1964,2024-06-19,West,Groceries,43.64,42549.9,63.0
1965,2024-01-01,East,Home Goods,64.41,78062.56,27.0
1966,2024-02-26,South,Electronics,49.38,,36.0
1967,2024-03-04,south,Clothing,49.28,51774.59,26.0
1968,2024-04-27,West,Toys,53.46,61218.31,50.0
1969,2024-01-28,East,Groceries,23.99,63566.04,29.0
1970,2024-04-30,East,Clothing,26.1,56841.87,35.0
1971,2024-04-16,North,Electronics,66.3,69154.71,51.0
1972,2024-06-13,West,Electronics,39.85,61278.65,57.0
1973,2024-06-23,West,Groceries,48.01,57010.03,44.0
1974,2024-06-13,SOUTH ,Groceries,74.19,53755.74,48.0
1975,2024-02-18,West,Electronics,48.68,63575.2,25.0
1976,2024-04-29,West,Groceries,46.85,39650.13,43.0
1977,2024-02-13,West,Groceries,63.44,43883.04,42.0
1978,2024-02-25,West,Clothing,41.03,,52.0
1979,2024-06-04,West,Groceries,68.04,68173.13,46.0
1980,2024-04-20,East,Home Goods,63.13,92142.75,45.0
1981,2024-05-13,North,Clothing,77.45,,53.0
1982,2024-04-17,East,Home Goods,39.64,33386.53,63.0
1983,2024-05-27,East,Electronics,70.5,48146.29,50.0
1984,2024-04-23,South,Electronics,604.0,69883.38,38.0
1985,2024-03-18,South,Electronics,458.08,45445.77,11.0
1986,2024-05-09,West,Electronics,11.06,40413.82,70.0
1987,2024-02-06,West,Electronics,38.03,69805.03,40.0
1988,2024-01-20,West,Electronics,54.39,66973.2,24.0
1989,2024-01-26,East,Home Goods,56.56,37911.89,38.0
1990,2024-01-29,south,Electronics,49.11,46575.1,25.0
1991,2024-01-01,North,Groceries,49.25,78670.05,39.0
1992,2024-04-28,South,Electronics,472.49,72792.66,55.0
1993,2024-02-04,North,Toys,65.47,42039.43,38.0
1994,2024-02-28,North,Groceries,28.46,30166.66,26.0
1995,2024-03-09,West,Electronics,54.02,64027.77,27.0
1996,2024-06-09,West,Home Goods,37.66,55558.98,56.0
1997,2024-06-27,South,Clothing,36.4,62726.13,49.0
1998,2024-01-12,south,Home Goods,67.64,69519.93,36.0
1999,2024-01-20,East,Clothing,35.25,45655.96,40.0
2000,2024-02-12,North,Groceries,47.91,53517.82,33.0
934,2024-04-27,West,Home Goods,85.72,64902.79,52.0
1460,2024-05-20,West,Clothing,48.06,71855.9,47.0
1339,2024-02-22,East,Home Goods,40.14,37710.05,30.0
1803,2024-05-29,East,Electronics,63.56,51225.96,57.0
264,2024-05-31,West,Groceries,36.32,,46.0
82,2024-01-24,East,Toys,49.89,86141.96,59.0
340,2024-02-27,South,Electronics,51.78,59418.49,47.0
806,2024-04-13,North,Clothing,58.59,84025.58,22.0
70,2024-02-23,East,Clothing,63.7,67860.0,37.0
686,2024-05-24,North,Clothing,56.22,74040.03,54.0
1133,2024-05-30,North,Electronics,64.23,61815.28,58.0
444,2024-04-26,North,Electronics,51.72,47890.92,60.0
1267,2024-03-25,West,Electronics,73.24,,38.0
1664,2024-05-17,East,Home Goods,49.86,60466.51,58.0
783,2024-05-12,West,Groceries,40.2,47193.81,42.0
797,2024-04-24,South,Toys,73.19,65784.85,63.0
363,2024-02-19,East,Electronics,39.22,49689.4,27.0
731,2024-03-23,West,Home Goods,34.78,66141.31,22.0
703,2024-02-02,West,Electronics,48.0,57064.46,25.0
84,2024-05-03,East,Electronics,25.63,,55.0
